BAP12345-1123,2015-11-24,'23:35:29.005,TGUARD_112315,154,155,EXACT,authenticateUserRequest,8.31
BAP12345-1123,2015-11-24,'23:35:31.290,CSI_112315,804,805,EXACT,InquireUnifiedCustomerLoginProfileRequest,8.31
BAP12345-1123,2015-11-24,'23:35:32.996,GRID_112315,129,130,EXACT,WirelessDashboardProviderImpl.getWirelessDashboardResponse,8.31
BAP12345-1123,2015-11-24,'23:35:33.019,ServiceLocator,1511,1512,EXACT,ServiceLocator.getRemoteEJBReference,8.31
BAP12345-1123,2015-11-24,'23:36:09.690,PAMBIS_112315,250,251,EXACT,_PAM_Stub.retrievePaymentProfile,8.31
BAP12345-1123,2015-11-24,'23:36:10.284,CSI_112315,1139,1140,EXACT,InquireUnifiedCustomerLoginProfileRequest,8.31
BAP12345-1123,2015-11-24,'23:36:10.364,BDS_112315,88,89,EXACT,InquireAccountDetailListRequest,8.31
BAP12345-1123,2015-11-24,'23:36:10.435,CAPM_112315,169,170,EXACT,CapmGetAffiliatePymtBalanceProcessor.execute,8.31
BAP12345-1123,2015-11-24,'23:36:10.442,CAPM_112315,221,222,EXACT,CapmGetAffiliatePymtBalanceProcessor.execute,8.31
BAP12345-1123,2015-11-24,'23:36:10.461,CSI_112315,1316,1317,EXACT,InquireUnifiedCustomerLoginProfileRequest,8.31
BAP12345-1123,2015-11-24,'23:36:10.497,TCM,8,9,OPERATION,TelegenceConnectionManager.getUrl,8.31
BAP12345-1123,2015-11-24,'23:36:10.502,TCM,8,9,OPERATION,TelegenceConnectionManager.getUrl,8.31
BAP12345-1123,2015-11-24,'23:36:10.819,CAPM_112315,172,173,EXACT,CapmGetAffiliatePymtBalanceProcessor.execute,8.31
BAP12345-1123,2015-11-24,'23:36:10.825,TCM,8,9,OPERATION,TelegenceConnectionManager.getUrl,8.31
BAP12345-1123,2015-11-24,'23:36:11.033,TCM,8,9,OPERATION,TelegenceConnectionManager.getUrl,8.31
BAP12345-1123,2015-11-24,'23:36:11.630,TCM,26,27,OPERATION,TelegenceConnectionManager.getTicket,8.31
BAP12345-1123,2015-11-24,'23:36:11.660,TCM,26,27,OPERATION,TelegenceConnectionManager.getTicket,8.31
BAP12345-1123,2015-11-24,'23:36:11.863,TCM,26,27,OPERATION,TelegenceConnectionManager.getTicket,8.31
BAP12345-1123,2015-11-24,'23:36:11.868,TCM,26,27,OPERATION,TelegenceConnectionManager.getTicket,8.31
BAP12345-1123,2015-11-24,'23:36:11.961,TCM,8,9,OPERATION,TelegenceConnectionManager.getUrl,8.31
BAP12345-1123,2015-11-24,'23:36:11.991,TCM,8,9,OPERATION,TelegenceConnectionManager.getUrl,8.31
BAP12345-1123,2015-11-24,'23:36:12.652,TCM,8,9,OPERATION,TelegenceConnectionManager.getUrl,8.31
BAP12345-1123,2015-11-24,'23:36:12.656,TCM,8,9,OPERATION,TelegenceConnectionManager.getUrl,8.31
BAP12345-1123,2015-11-24,'23:36:12.811,ServiceLocator,1073,1074,EXACT,ServiceLocator.getRemoteEJBReference,8.31
BAP12345-1123,2015-11-24,'23:36:12.816,ServiceLocator,1070,1071,EXACT,ServiceLocator.getRemoteEJBReference,8.31
BAP12345-1123,2015-11-24,'23:36:13.128,ServiceLocator,1070,1071,EXACT,ServiceLocator.getRemoteEJBReference,8.31
BAP12345-1123,2015-11-24,'23:36:13.133,ServiceLocator,1073,1074,EXACT,ServiceLocator.getRemoteEJBReference,8.31
BAP12345-1123,2015-11-24,'23:36:15.529,TLG_112315,1385,1386,EXACT,BanServicesBean_3sdvt9_EOImpl_1030_WLStub.loadAccount,8.31
BAP12345-1123,2015-11-24,'23:36:15.869,TLG_112315,1388,1389,EXACT,BanServicesBean_3sdvt9_EOImpl_1030_WLStub.loadAccount,8.31
BAP12345-1123,2015-11-24,'23:36:16.885,TLG_112315,1296,1297,EXACT,AppQueryBean_tktr17_EOImpl_1030_WLStub.getBanInquireInfo,8.31
BAP12345-1123,2015-11-24,'23:36:17.042,TLG_112315,1299,1300,EXACT,AppQueryBean_tktr17_EOImpl_1030_WLStub.getBanInquireInfo,8.31
BAP12345-1123,2015-11-24,'23:36:18.521,CSI_112315,1025,1026,EXACT,InquireUpgradeEligibilityRequest,8.31
BAP12345-1123,2015-11-24,'23:36:18.671,TCM,8,9,OPERATION,TelegenceConnectionManager.getUrl,8.31
BAP12345-1123,2015-11-24,'23:36:18.699,TCM,8,9,OPERATION,TelegenceConnectionManager.getUrl,8.31
BAP12345-1123,2015-11-24,'23:36:18.709,TCM,8,9,OPERATION,TelegenceConnectionManager.getUrl,8.31
BAP12345-1123,2015-11-24,'23:36:18.713,ServiceLocator,1507,1498,EXACT,ServiceLocator.getRemoteEJBReference,8.31
BAP12345-1123,2015-11-24,'23:36:18.718,TCM,8,9,OPERATION,TelegenceConnectionManager.getUrl,8.31
BAP12345-1123,2015-11-24,'23:36:18.722,TCM,8,9,OPERATION,TelegenceConnectionManager.getUrl,8.31
BAP12345-1123,2015-11-24,'23:36:18.729,TCM,8,9,OPERATION,TelegenceConnectionManager.getUrl,8.31
BAP12345-1123,2015-11-24,'23:36:18.733,TCM,8,9,OPERATION,TelegenceConnectionManager.getUrl,8.31
BAP12345-1123,2015-11-24,'23:36:18.738,TCM,8,9,OPERATION,TelegenceConnectionManager.getUrl,8.31
BAP12345-1123,2015-11-24,'23:36:18.742,TCM,8,9,OPERATION,TelegenceConnectionManager.getUrl,8.31
BAP12345-1123,2015-11-24,'23:36:18.747,TCM,8,9,OPERATION,TelegenceConnectionManager.getUrl,8.31
BAP12345-1123,2015-11-24,'23:36:18.997,TCM,26,27,OPERATION,TelegenceConnectionManager.getTicket,8.31
BAP12345-1123,2015-11-24,'23:36:19.034,TCM,26,27,OPERATION,TelegenceConnectionManager.getTicket,8.31
BAP12345-1123,2015-11-24,'23:36:19.038,TCM,26,27,OPERATION,TelegenceConnectionManager.getTicket,8.31
BAP12345-1123,2015-11-24,'23:36:19.044,TCM,26,27,OPERATION,TelegenceConnectionManager.getTicket,8.31
BAP12345-1123,2015-11-24,'23:36:19.439,TCM,26,27,OPERATION,TelegenceConnectionManager.getTicket,8.31
BAP12345-1123,2015-11-24,'23:36:19.444,TCM,26,27,OPERATION,TelegenceConnectionManager.getTicket,8.31
BAP12345-1123,2015-11-24,'23:36:19.448,TCM,26,27,OPERATION,TelegenceConnectionManager.getTicket,8.31
BAP12345-1123,2015-11-24,'23:36:19.451,ENABLER_112315,,,NO_MATCH,CM9PerformanceIndicatorServicesBean_4qfjec_EOImpl_922_WLStub.getRatedPerformanceIndicators,8.31
BAP12345-1123,2015-11-24,'23:36:19.462,TCM,26,27,OPERATION,TelegenceConnectionManager.getTicket,8.31
BAP12345-1123,2015-11-24,'23:36:19.466,TCM,26,27,OPERATION,TelegenceConnectionManager.getTicket,8.31
BAP12345-1123,2015-11-24,'23:36:19.691,TCM,8,9,OPERATION,TelegenceConnectionManager.getUrl,8.31
BAP12345-1123,2015-11-24,'23:36:19.696,TCM,8,9,OPERATION,TelegenceConnectionManager.getUrl,8.31
BAP12345-1123,2015-11-24,'23:36:19.701,TCM,8,9,OPERATION,TelegenceConnectionManager.getUrl,8.31
BAP12345-1123,2015-11-24,'23:36:19.705,TCM,8,9,OPERATION,TelegenceConnectionManager.getUrl,8.31
BAP12345-1123,2015-11-24,'23:36:19.755,TCM,26,27,OPERATION,TelegenceConnectionManager.getTicket,8.31
BAP12345-1123,2015-11-24,'23:36:19.773,TCM,8,9,OPERATION,TelegenceConnectionManager.getUrl,8.31
BAP12345-1123,2015-11-24,'23:36:19.777,TCM,8,9,OPERATION,TelegenceConnectionManager.getUrl,8.31
BAP12345-1123,2015-11-24,'23:36:19.789,TCM,8,9,OPERATION,TelegenceConnectionManager.getUrl,8.31
BAP12345-1123,2015-11-24,'23:36:19.793,TCM,8,9,OPERATION,TelegenceConnectionManager.getUrl,8.31
BAP12345-1123,2015-11-24,'23:36:19.815,TCM,8,9,OPERATION,TelegenceConnectionManager.getUrl,8.31
BAP12345-1123,2015-11-24,'23:36:20.010,ServiceLocator,1070,1071,EXACT,ServiceLocator.getRemoteEJBReference,8.31
BAP12345-1123,2015-11-24,'23:36:20.015,ServiceLocator,1136,1137,EXACT,ServiceLocator.getRemoteEJBReference,8.31
BAP12345-1123,2015-11-24,'23:36:20.018,ServiceLocator,1437,1438,EXACT,ServiceLocator.getRemoteEJBReference,8.31
BAP12345-1123,2015-11-24,'23:36:20.095,ServiceLocator,1070,1071,EXACT,ServiceLocator.getRemoteEJBReference,8.31
BAP12345-1123,2015-11-24,'23:36:20.102,TCM,8,9,OPERATION,TelegenceConnectionManager.getUrl,8.31
BAP12345-1123,2015-11-24,'23:36:20.104,ServiceLocator,1443,1444,EXACT,ServiceLocator.getRemoteEJBReference,8.31
BAP12345-1123,2015-11-24,'23:36:20.241,ServiceLocator,1443,1444,EXACT,ServiceLocator.getRemoteEJBReference,8.31
BAP12345-1123,2015-11-24,'23:36:20.244,ServiceLocator,1443,1444,EXACT,ServiceLocator.getRemoteEJBReference,8.31
BAP12345-1123,2015-11-24,'23:36:20.247,ServiceLocator,1070,1071,EXACT,ServiceLocator.getRemoteEJBReference,8.31
BAP12345-1123,2015-11-24,'23:36:20.252,ServiceLocator,1070,1071,EXACT,ServiceLocator.getRemoteEJBReference,8.31
BAP12345-1123,2015-11-24,'23:36:20.712,TLG_112315,,,NO_MATCH,TitanServicesBean_iz1fpv_EOImpl_1030_WLStub.getConvergeEligibilityResults,8.31
BAP12345-1123,2015-11-24,'23:36:20.715,ServiceLocator,1443,1444,EXACT,ServiceLocator.getRemoteEJBReference,8.31
BAP12345-1123,2015-11-24,'23:36:21.081,TLG_112315,1495,1496,EXACT,SubscriberUsageConvBean_gwkhbn_EOImpl_1030_WLStub.getBanOutForBillingInd,8.31
BAP12345-1123,2015-11-24,'23:36:21.088,TLG_112315,1622,1623,EXACT,SubscriberUsageConvBean_gwkhbn_EOImpl_1030_WLStub.getSubUnbilledBal,8.31
BAP12345-1123,2015-11-24,'23:36:21.098,TLG_112315,1495,1496,EXACT,SubscriberUsageConvBean_gwkhbn_EOImpl_1030_WLStub.getBanOutForBillingInd,8.31
BAP12345-1123,2015-11-24,'23:36:21.101,TLG_112315,1625,1626,EXACT,SubscriberUsageConvBean_gwkhbn_EOImpl_1030_WLStub.getSubUnbilledBal,8.31
BAP12345-1123,2015-11-24,'23:36:21.107,TLG_112315,1745,1746,EXACT,BanFinancialActivitiesBean_ukdb17_EOImpl_1030_WLStub.getUnbilledMobileDownload,8.31
BAP12345-1123,2015-11-24,'23:36:24.090,TLG_112315,1548,1549,EXACT,AppQueryBean_tktr17_EOImpl_1030_WLStub.getAdjNChrNCrd,8.31
BAP12345-1123,2015-11-24,'23:36:24.093,TLG_112315,1545,1546,EXACT,AppQueryBean_tktr17_EOImpl_1030_WLStub.getAdjNChrNCrd,8.31
BAP12345-1123,2015-11-24,'23:36:24.180,TLG_112315,1704,1705,EXACT,AppQueryBean_tktr17_EOImpl_1030_WLStub.getContractRenewalHistory,8.31
BAP12345-1123,2015-11-24,'23:36:24.202,TLG_112315,1669,1670,EXACT,AppQueryBean_tktr17_EOImpl_1030_WLStub.getMobileLevelData,8.31
BAP12345-1123,2015-11-24,'23:36:24.558,ServiceLocator,1511,1512,EXACT,ServiceLocator.getRemoteEJBReference,8.31
BAP12345-1123,2015-11-24,'23:37:01.305,PAMBIS_112315,390,391,EXACT,_PAM_Stub.retrieveCustomerPaymentView3,8.31
BAP12345-1123,2015-11-24,'23:37:01.696,CSI_112315,919,920,EXACT,InquireFiberServiceAccountDetailsRequest,8.31
BAP12345-1123,2015-11-24,'23:37:01.706,CSI_112315,984,985,EXACT,InquireFiberServiceUsageSummaryRequest,8.31
BAP12345-1123,2015-11-24,'23:37:01.781,CSI_112315,910,911,EXACT,InquireFiberServiceAccountDetailsRequest,8.31
BAP12345-1123,2015-11-24,'23:37:01.786,CSI_112315,1171,1172,EXACT,InquireUnifiedAccountProfileRequest,8.31
BAP12345-1123,2015-11-24,'23:37:01.795,CSI_112315,916,917,EXACT,InquireFiberServiceAccountDetailsRequest,8.31
BAP12345-1123,2015-11-24,'23:37:01.802,CSI_112315,913,914,EXACT,InquireFiberServiceAccountDetailsRequest,8.31
BAP12345-1123,2015-11-24,'23:37:01.806,CSI_112315,1203,1204,EXACT,InquireTransportProductAvailabilityRequest,8.31
BAP12345-1123,2015-11-24,'23:37:01.812,CSI_112315,1095,1096,EXACT,InquireCustomerAccountDetailsRequest,8.31
BAP12345-1123,2015-11-24,'23:37:01.842,ServiceLocator,1514,1515,EXACT,ServiceLocator.getRemoteEJBReference,8.31
BAP12345-1123,2015-11-24,'23:37:01.845,ServiceLocator,1511,1512,EXACT,ServiceLocator.getRemoteEJBReference,8.31
BAP12345-1123,2015-11-24,'23:37:01.850,ServiceLocator,1511,1512,EXACT,ServiceLocator.getRemoteEJBReference,8.31
BAP12345-1123,2015-11-24,'23:37:01.870,CSI_112315,845,846,EXACT,InquireUnifiedCustomerLoginProfileRequest,8.31
BAP12345-1123,2015-11-24,'23:37:01.901,CSI_112315,1256,1257,EXACT,InquireTransportProductAvailabilityRequest,8.31
BAP12345-1123,2015-11-24,'23:37:02.115,CSI_112315,1060,1061,EXACT,InquireFiberServiceAssignedProductDetailsRequest,8.31
BAP12345-1123,2015-11-24,'23:37:02.149,CSI_112315,1063,1064,EXACT,InquireFiberServiceAssignedProductDetailsRequest,8.31
BAP12345-1123,2015-11-24,'23:37:02.301,ServiceLocator,1511,1512,EXACT,ServiceLocator.getRemoteEJBReference,8.31
BAP12345-1123,2015-11-24,'23:37:02.504,ServiceLocator,1514,1515,EXACT,ServiceLocator.getRemoteEJBReference,8.31
BAP12345-1123,2015-11-24,'23:37:03.801,SMBIS_112315,77,78,EXACT,_SmFacade_Stub.retrieveSubscriptionAccountsForAffiliatesByAccountNumber,8.31
BAP12345-1123,2015-11-24,'23:37:03.816,SMBIS_112315,57,58,EXACT,_SmFacade_Stub.retrieveSubscriptionAccountsForAffiliatesByAccountNumber,8.31
BAP12345-1123,2015-11-24,'23:37:05.008,SPD_112315,,,NO_MATCH,InquireDirectAccessProductRequest,8.31
BAP12345-1123,2015-11-24,'23:37:38.865,PAMBIS_112315,336,337,EXACT,_PAM_Stub.retrieveCustomerPaymentView3,8.31
BAP12345-1123,2015-11-24,'23:37:38.873,PAMBIS_112315,339,340,EXACT,_PAM_Stub.retrieveCustomerPaymentView3,8.31
BAP12345-1123,2015-11-24,'23:37:38.881,PAMBIS_112315,333,334,EXACT,_PAM_Stub.retrieveCustomerPaymentView3,8.31
BAP12345-1123,2015-11-24,'23:39:08.067,MPS_112315,110,111,EXACT,updateMemberRequest,8.31
BAP12345-1123,2015-11-24,'23:39:08.071,MPS_112315,102,103,EXACT,updateMemberRequest,8.31
BAP12345-1123,2015-11-24,'23:39:08.073,MPS_112315,99,100,EXACT,updateMemberRequest,8.31
BAP12345-1123,2015-11-24,'23:39:24.409,TCM,8,9,OPERATION,TelegenceConnectionManager.getUrl,8.31
BAP12345-1123,2015-11-24,'23:39:24.734,TCM,26,27,OPERATION,TelegenceConnectionManager.getTicket,8.31
BAP12345-1123,2015-11-24,'23:39:25.061,TCM,8,9,OPERATION,TelegenceConnectionManager.getUrl,8.31
BAP12345-1123,2015-11-24,'23:39:25.381,ServiceLocator,1070,1071,EXACT,ServiceLocator.getRemoteEJBReference,8.31
BAP12345-1123,2015-11-24,'23:39:29.447,TLG_112315,2005,2006,EXACT,AppQueryBean_tktr17_EOImpl_1030_WLStub.getMarketBySubscriber,8.31
BAP12345-1123,2015-11-24,'23:39:29.793,TCM,8,9,OPERATION,TelegenceConnectionManager.getUrl,8.31
BAP12345-1123,2015-11-24,'23:39:29.800,TCM,8,9,OPERATION,TelegenceConnectionManager.getUrl,8.31
BAP12345-1123,2015-11-24,'23:39:29.804,TCM,8,9,OPERATION,TelegenceConnectionManager.getUrl,8.31
BAP12345-1123,2015-11-24,'23:39:30.118,TCM,26,27,OPERATION,TelegenceConnectionManager.getTicket,8.31
BAP12345-1123,2015-11-24,'23:39:30.126,TCM,26,27,OPERATION,TelegenceConnectionManager.getTicket,8.31
BAP12345-1123,2015-11-24,'23:39:30.129,TCM,26,27,OPERATION,TelegenceConnectionManager.getTicket,8.31
BAP12345-1123,2015-11-24,'23:39:30.446,TCM,8,9,OPERATION,TelegenceConnectionManager.getUrl,8.31
BAP12345-1123,2015-11-24,'23:39:30.454,TCM,8,9,OPERATION,TelegenceConnectionManager.getUrl,8.31
BAP12345-1123,2015-11-24,'23:39:30.593,TCM,8,9,OPERATION,TelegenceConnectionManager.getUrl,8.31
BAP12345-1123,2015-11-24,'23:39:30.867,ServiceLocator,1070,1071,EXACT,ServiceLocator.getRemoteEJBReference,8.31
BAP12345-1123,2015-11-24,'23:39:30.871,ServiceLocator,1449,1450,EXACT,ServiceLocator.getRemoteEJBReference,8.31
BAP12345-1123,2015-11-24,'23:39:31.105,ServiceLocator,1449,1450,EXACT,ServiceLocator.getRemoteEJBReference,8.31
BAP12345-1123,2015-11-24,'23:39:31.320,TCM,8,9,OPERATION,TelegenceConnectionManager.getUrl,8.31
BAP12345-1123,2015-11-24,'23:39:31.472,TCM,8,9,OPERATION,TelegenceConnectionManager.getUrl,8.31
BAP12345-1123,2015-11-24,'23:39:31.636,ServiceLocator,1067,1068,EXACT,ServiceLocator.getRemoteEJBReference,8.31
BAP12345-1123,2015-11-24,'23:39:31.790,ServiceLocator,1067,1068,EXACT,ServiceLocator.getRemoteEJBReference,8.31
BAP12345-1123,2015-11-24,'23:39:34.840,TCM,8,9,OPERATION,TelegenceConnectionManager.getUrl,8.31
BAP12345-1123,2015-11-24,'23:39:35.162,ServiceLocator,1067,1068,EXACT,ServiceLocator.getRemoteEJBReference,8.31
BAP12345-1123,2015-11-24,'23:39:36.728,TLG_112315,2304,2305,EXACT,ProductAgreementBean_sd4w3n_EOImpl_1030_WLStub.getCurrentFeatures,8.31
BAP12345-1123,2015-11-24,'23:39:36.892,TLG_112315,2189,2190,EXACT,ProductAgreementBean_sd4w3n_EOImpl_1030_WLStub.getAgreementInfo,8.31
BAP12345-1123,2015-11-24,'23:39:37.159,TCM,8,9,OPERATION,TelegenceConnectionManager.getUrl,8.31
BAP12345-1123,2015-11-24,'23:39:37.327,TCM,8,9,OPERATION,TelegenceConnectionManager.getUrl,8.31
BAP12345-1123,2015-11-24,'23:39:37.480,ServiceLocator,1067,1068,EXACT,ServiceLocator.getRemoteEJBReference,8.31
BAP12345-1123,2015-11-24,'23:39:37.715,ServiceLocator,1067,1068,EXACT,ServiceLocator.getRemoteEJBReference,8.31
BAP12345-1123,2015-11-24,'23:39:40.250,TLG_112315,2097,2098,EXACT,AppQueryBean_tktr17_EOImpl_1030_WLStub.getProductInquireInfo,8.31
BAP12345-1123,2015-11-24,'23:39:40.679,TCM,8,9,OPERATION,TelegenceConnectionManager.getUrl,8.31
BAP12345-1123,2015-11-24,'23:39:40.998,ServiceLocator,1067,1068,EXACT,ServiceLocator.getRemoteEJBReference,8.31
BAP12345-1123,2015-11-24,'23:39:41.176,CSI_112315,1369,1370,EXACT,InquireUnifiedCustomerLinkRecommendationsRequest,8.31
BAP12345-1123,2015-11-24,'23:39:42.568,TLG_112315,2215,2216,EXACT,RefQueryBean_3xgipj_EOImpl_1030_WLStub.getLogicalDateByType,8.31
BAP12345-1123,2015-11-24,'23:39:42.735,TLG_112315,2215,2216,EXACT,RefQueryBean_3xgipj_EOImpl_1030_WLStub.getLogicalDateByType,8.31
BAP12345-1123,2015-11-24,'23:39:46.087,TLG_112315,2215,2216,EXACT,RefQueryBean_3xgipj_EOImpl_1030_WLStub.getLogicalDateByType,8.31
BAP12345-1123,2015-11-24,'23:39:46.421,TLG_112315,2396,2397,EXACT,RefQueryBean_3xgipj_EOImpl_1030_WLStub.getEquDetailsBySerialNo,8.31
BAP12345-1123,2015-11-24,'23:40:09.191,MPS_112315,115,116,EXACT,updateMemberRequest,8.31
BAP12345-1123,2015-11-24,'23:40:09.255,CSI_112315,1380,1381,EXACT,InquireUnifiedCustomerLoginProfileRequest,8.31
BAP12345-1123,2015-11-24,'23:41:20.408,TGUARD_112315,163,164,EXACT,authenticateUserRequest,8.31
BAP12345-1123,2015-11-24,'23:41:22.136,CSI_112315,810,811,EXACT,InquireUnifiedCustomerLoginProfileRequest,8.31
BAP12345-1123,2015-11-24,'23:41:23.061,ServiceLocator,1511,1512,EXACT,ServiceLocator.getRemoteEJBReference,8.31
BAP12345-1123,2015-11-24,'23:41:23.133,GRID_112315,115,116,EXACT,WirelessDashboardProviderImpl.getWirelessDashboardResponse,8.31
BAP12345-1123,2015-11-24,'23:41:59.141,PAMBIS_112315,256,257,EXACT,_PAM_Stub.retrievePaymentProfile,8.31
BAP12345-1123,2015-11-24,'23:41:59.560,TCM,8,9,OPERATION,TelegenceConnectionManager.getUrl,8.31
BAP12345-1123,2015-11-24,'23:41:59.564,TCM,8,9,OPERATION,TelegenceConnectionManager.getUrl,8.31
BAP12345-1123,2015-11-24,'23:41:59.888,TCM,26,27,OPERATION,TelegenceConnectionManager.getTicket,8.31
BAP12345-1123,2015-11-24,'23:41:59.891,TCM,26,27,OPERATION,TelegenceConnectionManager.getTicket,8.31
BAP12345-1123,2015-11-24,'23:42:00.225,TCM,8,9,OPERATION,TelegenceConnectionManager.getUrl,8.31
BAP12345-1123,2015-11-24,'23:42:00.230,TCM,8,9,OPERATION,TelegenceConnectionManager.getUrl,8.31
BAP12345-1123,2015-11-24,'23:42:01.280,ServiceLocator,1070,1071,EXACT,ServiceLocator.getRemoteEJBReference,8.31
BAP12345-1123,2015-11-24,'23:42:01.357,ServiceLocator,1073,1074,EXACT,ServiceLocator.getRemoteEJBReference,8.31
BAP12345-1123,2015-11-24,'23:42:04.069,TLG_112315,1397,1398,EXACT,BanServicesBean_3sdvt9_EOImpl_1030_WLStub.loadAccount,8.31
BAP12345-1123,2015-11-24,'23:42:05.345,TLG_112315,1320,1321,EXACT,AppQueryBean_tktr17_EOImpl_1030_WLStub.getBanInquireInfo,8.31
BAP12345-1123,2015-11-24,'23:42:06.060,CSI_112315,1028,1029,EXACT,InquireUpgradeEligibilityRequest,8.31
BAP12345-1123,2015-11-24,'23:42:06.206,TCM,8,9,OPERATION,TelegenceConnectionManager.getUrl,8.31
BAP12345-1123,2015-11-24,'23:42:06.214,TCM,8,9,OPERATION,TelegenceConnectionManager.getUrl,8.31
BAP12345-1123,2015-11-24,'23:42:06.223,TCM,8,9,OPERATION,TelegenceConnectionManager.getUrl,8.31
BAP12345-1123,2015-11-24,'23:42:06.226,ServiceLocator,1507,1498,EXACT,ServiceLocator.getRemoteEJBReference,8.31
BAP12345-1123,2015-11-24,'23:42:06.230,TCM,8,9,OPERATION,TelegenceConnectionManager.getUrl,8.31
BAP12345-1123,2015-11-24,'23:42:06.233,TCM,8,9,OPERATION,TelegenceConnectionManager.getUrl,8.31
BAP12345-1123,2015-11-24,'23:42:06.237,TCM,8,9,OPERATION,TelegenceConnectionManager.getUrl,8.31
BAP12345-1123,2015-11-24,'23:42:06.240,TCM,8,9,OPERATION,TelegenceConnectionManager.getUrl,8.31
BAP12345-1123,2015-11-24,'23:42:06.244,TCM,8,9,OPERATION,TelegenceConnectionManager.getUrl,8.31
BAP12345-1123,2015-11-24,'23:42:06.247,TCM,8,9,OPERATION,TelegenceConnectionManager.getUrl,8.31
BAP12345-1123,2015-11-24,'23:42:06.536,TCM,26,27,OPERATION,TelegenceConnectionManager.getTicket,8.31
BAP12345-1123,2015-11-24,'23:42:06.542,TCM,26,27,OPERATION,TelegenceConnectionManager.getTicket,8.31
BAP12345-1123,2015-11-24,'23:42:06.547,TCM,26,27,OPERATION,TelegenceConnectionManager.getTicket,8.31
BAP12345-1123,2015-11-24,'23:42:06.560,TCM,26,27,OPERATION,TelegenceConnectionManager.getTicket,8.31
BAP12345-1123,2015-11-24,'23:42:06.563,TCM,26,27,OPERATION,TelegenceConnectionManager.getTicket,8.31
BAP12345-1123,2015-11-24,'23:42:06.566,TCM,26,27,OPERATION,TelegenceConnectionManager.getTicket,8.31
BAP12345-1123,2015-11-24,'23:42:06.569,TCM,26,27,OPERATION,TelegenceConnectionManager.getTicket,8.31
BAP12345-1123,2015-11-24,'23:42:06.572,TCM,26,27,OPERATION,TelegenceConnectionManager.getTicket,8.31
BAP12345-1123,2015-11-24,'23:42:06.581,TCM,26,27,OPERATION,TelegenceConnectionManager.getTicket,8.31
BAP12345-1123,2015-11-24,'23:42:06.800,ENABLER_112315,,,NO_MATCH,CM9PerformanceIndicatorServicesBean_4qfjec_EOImpl_922_WLStub.getRatedPerformanceIndicators,8.31
BAP12345-1123,2015-11-24,'23:42:08.021,TCM,8,9,OPERATION,TelegenceConnectionManager.getUrl,8.31
BAP12345-1123,2015-11-24,'23:42:08.025,TCM,8,9,OPERATION,TelegenceConnectionManager.getUrl,8.31
BAP12345-1123,2015-11-24,'23:42:08.029,TCM,8,9,OPERATION,TelegenceConnectionManager.getUrl,8.31
BAP12345-1123,2015-11-24,'23:42:08.032,TCM,8,9,OPERATION,TelegenceConnectionManager.getUrl,8.31
BAP12345-1123,2015-11-24,'23:42:08.035,TCM,8,9,OPERATION,TelegenceConnectionManager.getUrl,8.31
BAP12345-1123,2015-11-24,'23:42:08.039,TCM,8,9,OPERATION,TelegenceConnectionManager.getUrl,8.31
BAP12345-1123,2015-11-24,'23:42:08.042,TCM,8,9,OPERATION,TelegenceConnectionManager.getUrl,8.31
BAP12345-1123,2015-11-24,'23:42:08.090,TCM,8,9,OPERATION,TelegenceConnectionManager.getUrl,8.31
BAP12345-1123,2015-11-24,'23:42:08.094,TCM,8,9,OPERATION,TelegenceConnectionManager.getUrl,8.31
BAP12345-1123,2015-11-24,'23:42:08.338,ServiceLocator,1136,1137,EXACT,ServiceLocator.getRemoteEJBReference,8.31
BAP12345-1123,2015-11-24,'23:42:08.344,ServiceLocator,1443,1444,EXACT,ServiceLocator.getRemoteEJBReference,8.31
BAP12345-1123,2015-11-24,'23:42:08.348,ServiceLocator,1070,1071,EXACT,ServiceLocator.getRemoteEJBReference,8.31
BAP12345-1123,2015-11-24,'23:42:08.352,ServiceLocator,1070,1071,EXACT,ServiceLocator.getRemoteEJBReference,8.31
BAP12345-1123,2015-11-24,'23:42:08.357,ServiceLocator,1437,1438,EXACT,ServiceLocator.getRemoteEJBReference,8.31
BAP12345-1123,2015-11-24,'23:42:08.359,ServiceLocator,1070,1071,EXACT,ServiceLocator.getRemoteEJBReference,8.31
BAP12345-1123,2015-11-24,'23:42:08.364,ServiceLocator,1443,1444,EXACT,ServiceLocator.getRemoteEJBReference,8.31
BAP12345-1123,2015-11-24,'23:42:08.408,ServiceLocator,1443,1444,EXACT,ServiceLocator.getRemoteEJBReference,8.31
BAP12345-1123,2015-11-24,'23:42:08.411,ServiceLocator,1443,1444,EXACT,ServiceLocator.getRemoteEJBReference,8.31
BAP12345-1123,2015-11-24,'23:42:08.904,TLG_112315,,,NO_MATCH,TitanServicesBean_iz1fpv_EOImpl_1030_WLStub.getConvergeEligibilityResults,8.31
BAP12345-1123,2015-11-24,'23:42:08.909,TLG_112315,1504,1505,EXACT,SubscriberUsageConvBean_gwkhbn_EOImpl_1030_WLStub.getBanOutForBillingInd,8.31
BAP12345-1123,2015-11-24,'23:42:08.912,TLG_112315,1751,1752,EXACT,BanFinancialActivitiesBean_ukdb17_EOImpl_1030_WLStub.getUnbilledMobileDownload,8.31
BAP12345-1123,2015-11-24,'23:42:08.921,TLG_112315,1504,1505,EXACT,SubscriberUsageConvBean_gwkhbn_EOImpl_1030_WLStub.getBanOutForBillingInd,8.31
BAP12345-1123,2015-11-24,'23:42:08.943,TLG_112315,1631,1632,EXACT,SubscriberUsageConvBean_gwkhbn_EOImpl_1030_WLStub.getSubUnbilledBal,8.31
BAP12345-1123,2015-11-24,'23:42:08.997,TLG_112315,1628,1629,EXACT,SubscriberUsageConvBean_gwkhbn_EOImpl_1030_WLStub.getSubUnbilledBal,8.31
BAP12345-1123,2015-11-24,'23:42:12.419,TLG_112315,1710,1711,EXACT,AppQueryBean_tktr17_EOImpl_1030_WLStub.getContractRenewalHistory,8.31
BAP12345-1123,2015-11-24,'23:42:12.429,TLG_112315,1672,1673,EXACT,AppQueryBean_tktr17_EOImpl_1030_WLStub.getMobileLevelData,8.31
BAP12345-1123,2015-11-24,'23:42:12.431,TLG_112315,1551,1552,EXACT,AppQueryBean_tktr17_EOImpl_1030_WLStub.getAdjNChrNCrd,8.31
BAP12345-1123,2015-11-24,'23:42:12.773,ServiceLocator,1511,1512,EXACT,ServiceLocator.getRemoteEJBReference,8.31
BAP12345-1123,2015-11-24,'23:42:49.354,PAMBIS_112315,342,343,EXACT,_PAM_Stub.retrieveCustomerPaymentView3,8.31
BAP12345-1123,2015-11-24,'23:43:17.415,MPS_112315,134,135,EXACT,updateMemberRequest,8.31
BAP12345-1123,2015-11-24,'23:43:19.675,TCM,8,9,OPERATION,TelegenceConnectionManager.getUrl,8.31
BAP12345-1123,2015-11-24,'23:43:19.716,TCM,8,9,OPERATION,TelegenceConnectionManager.getUrl,8.31
BAP12345-1123,2015-11-24,'23:43:20.053,TCM,26,27,OPERATION,TelegenceConnectionManager.getTicket,8.31
BAP12345-1123,2015-11-24,'23:43:20.154,TCM,26,27,OPERATION,TelegenceConnectionManager.getTicket,8.31
BAP12345-1123,2015-11-24,'23:43:20.378,TCM,8,9,OPERATION,TelegenceConnectionManager.getUrl,8.31
BAP12345-1123,2015-11-24,'23:43:20.483,TCM,8,9,OPERATION,TelegenceConnectionManager.getUrl,8.31
BAP12345-1123,2015-11-24,'23:43:20.697,ServiceLocator,1070,1071,EXACT,ServiceLocator.getRemoteEJBReference,8.31
BAP12345-1123,2015-11-24,'23:43:20.854,ServiceLocator,1070,1071,EXACT,ServiceLocator.getRemoteEJBReference,8.31
BAP12345-1123,2015-11-24,'23:43:24.790,TLG_112315,1916,1917,EXACT,AppQueryBean_tktr17_EOImpl_1030_WLStub.getProductListInquireInfo,8.31
BAP12345-1123,2015-11-24,'23:43:24.884,TLG_112315,2008,2009,EXACT,AppQueryBean_tktr17_EOImpl_1030_WLStub.getMarketBySubscriber,8.31
BAP12345-1123,2015-11-24,'23:43:25.227,TCM,8,9,OPERATION,TelegenceConnectionManager.getUrl,8.31
BAP12345-1123,2015-11-24,'23:43:25.227,TCM,8,9,OPERATION,TelegenceConnectionManager.getUrl,8.31
BAP12345-1123,2015-11-24,'23:43:25.243,TCM,8,9,OPERATION,TelegenceConnectionManager.getUrl,8.31
BAP12345-1123,2015-11-24,'23:43:25.555,TCM,26,27,OPERATION,TelegenceConnectionManager.getTicket,8.31
BAP12345-1123,2015-11-24,'23:43:25.555,TCM,26,27,OPERATION,TelegenceConnectionManager.getTicket,8.31
BAP12345-1123,2015-11-24,'23:43:25.555,TCM,26,27,OPERATION,TelegenceConnectionManager.getTicket,8.31
BAP12345-1123,2015-11-24,'23:43:25.882,TCM,8,9,OPERATION,TelegenceConnectionManager.getUrl,8.31
BAP12345-1123,2015-11-24,'23:43:25.882,TCM,8,9,OPERATION,TelegenceConnectionManager.getUrl,8.31
BAP12345-1123,2015-11-24,'23:43:25.882,TCM,8,9,OPERATION,TelegenceConnectionManager.getUrl,8.31
BAP12345-1123,2015-11-24,'23:43:26.194,ServiceLocator,1070,1071,EXACT,ServiceLocator.getRemoteEJBReference,8.31
BAP12345-1123,2015-11-24,'23:43:26.194,ServiceLocator,1449,1450,EXACT,ServiceLocator.getRemoteEJBReference,8.31
BAP12345-1123,2015-11-24,'23:43:26.210,ServiceLocator,1449,1450,EXACT,ServiceLocator.getRemoteEJBReference,8.31
BAP12345-1123,2015-11-24,'23:43:26.647,TCM,8,9,OPERATION,TelegenceConnectionManager.getUrl,8.31
BAP12345-1123,2015-11-24,'23:43:26.647,TCM,8,9,OPERATION,TelegenceConnectionManager.getUrl,8.31
BAP12345-1123,2015-11-24,'23:43:26.974,ServiceLocator,1067,1068,EXACT,ServiceLocator.getRemoteEJBReference,8.31
BAP12345-1123,2015-11-24,'23:43:26.974,ServiceLocator,1067,1068,EXACT,ServiceLocator.getRemoteEJBReference,8.31
BAP12345-1123,2015-11-24,'23:43:30.269,TCM,8,9,OPERATION,TelegenceConnectionManager.getUrl,8.31
BAP12345-1123,2015-11-24,'23:43:30.587,ServiceLocator,1067,1068,EXACT,ServiceLocator.getRemoteEJBReference,8.31
BAP12345-1123,2015-11-24,'23:43:31.588,CSI_112315,1372,1373,EXACT,InquireUnifiedCustomerLinkRecommendationsRequest,8.31
BAP12345-1123,2015-11-24,'23:43:32.057,TLG_112315,2192,2193,EXACT,ProductAgreementBean_sd4w3n_EOImpl_1030_WLStub.getAgreementInfo,8.31
BAP12345-1123,2015-11-24,'23:43:32.057,TLG_112315,2307,2308,EXACT,ProductAgreementBean_sd4w3n_EOImpl_1030_WLStub.getCurrentFeatures,8.31
BAP12345-1123,2015-11-24,'23:43:32.468,TCM,8,9,OPERATION,TelegenceConnectionManager.getUrl,8.31
BAP12345-1123,2015-11-24,'23:43:32.472,TCM,8,9,OPERATION,TelegenceConnectionManager.getUrl,8.31
BAP12345-1123,2015-11-24,'23:43:32.788,ServiceLocator,1067,1068,EXACT,ServiceLocator.getRemoteEJBReference,8.31
BAP12345-1123,2015-11-24,'23:43:32.792,ServiceLocator,1067,1068,EXACT,ServiceLocator.getRemoteEJBReference,8.31
BAP12345-1123,2015-11-24,'23:43:35.659,TLG_112315,2100,2101,EXACT,AppQueryBean_tktr17_EOImpl_1030_WLStub.getProductInquireInfo,8.31
BAP12345-1123,2015-11-24,'23:43:36.093,TCM,8,9,OPERATION,TelegenceConnectionManager.getUrl,8.31
BAP12345-1123,2015-11-24,'23:43:36.415,ServiceLocator,1067,1068,EXACT,ServiceLocator.getRemoteEJBReference,8.31
BAP12345-1123,2015-11-24,'23:43:37.876,TLG_112315,2215,2216,EXACT,RefQueryBean_3xgipj_EOImpl_1030_WLStub.getLogicalDateByType,8.31
BAP12345-1123,2015-11-24,'23:43:37.879,TLG_112315,2215,2216,EXACT,RefQueryBean_3xgipj_EOImpl_1030_WLStub.getLogicalDateByType,8.31
BAP12345-1123,2015-11-24,'23:43:41.502,TLG_112315,2215,2216,EXACT,RefQueryBean_3xgipj_EOImpl_1030_WLStub.getLogicalDateByType,8.31
BAP12345-1123,2015-11-24,'23:43:41.835,TLG_112315,2396,2397,EXACT,RefQueryBean_3xgipj_EOImpl_1030_WLStub.getEquDetailsBySerialNo,8.31
BAP12345-1123,2015-11-24,'23:44:00.369,CSI_112315,1386,1387,EXACT,InquireUnifiedCustomerLoginProfileRequest,8.31
BAP12345-1123,2015-11-24,'23:44:00.734,MPS_112315,139,140,EXACT,updateMemberRequest,8.31
BAP67890-1120,2015-11-25,'00:19:11.529,TGUARD_112015,82,83,EXACT,authenticateUserRequest,12.57
BAP67890-1120,2015-11-25,'00:19:13.460,CSI_112015,562,563,EXACT,InquireUnifiedCustomerLoginProfileRequest,12.57
BAP67890-1120,2015-11-25,'00:19:13.781,GRID_112015,73,74,EXACT,WirelessDashboardProviderImpl.getWirelessDashboardResponse,12.57
BAP67890-1120,2015-11-25,'00:19:13.791,ServiceLocator,1511,1512,EXACT,ServiceLocator.getRemoteEJBReference,12.57
BAP67890-1120,2015-11-25,'00:19:50.403,PAMBIS_112015,118,119,EXACT,_PAM_Stub.retrievePaymentProfile,12.57
BAP67890-1120,2015-11-25,'00:19:50.704,MRE_112015,,,NO_MATCH,InitiateBulkUpgradeEligibilityRequest,12.57
BAP67890-1120,2015-11-25,'00:19:50.968,TCM,8,9,OPERATION,TelegenceConnectionManager.getUrl,12.57
BAP67890-1120,2015-11-25,'00:19:51.294,TCM,26,27,OPERATION,TelegenceConnectionManager.getTicket,12.57
BAP67890-1120,2015-11-25,'00:19:51.618,TCM,8,9,OPERATION,TelegenceConnectionManager.getUrl,12.57
BAP67890-1120,2015-11-25,'00:19:51.727,TCM,8,9,OPERATION,TelegenceConnectionManager.getUrl,12.57
BAP67890-1120,2015-11-25,'00:19:52.267,ServiceLocator,1070,1071,EXACT,ServiceLocator.getRemoteEJBReference,12.57
BAP67890-1120,2015-11-25,'00:19:52.503,TCM,26,27,OPERATION,TelegenceConnectionManager.getTicket,12.57
BAP67890-1120,2015-11-25,'00:19:52.828,TCM,8,9,OPERATION,TelegenceConnectionManager.getUrl,12.57
BAP67890-1120,2015-11-25,'00:19:53.147,ServiceLocator,1073,1074,EXACT,ServiceLocator.getRemoteEJBReference,12.57
BAP67890-1120,2015-11-25,'00:19:55.858,TLG_112015,,,NO_MATCH,BanServicesBean_3sdvt9_EOImpl_1030_WLStub.loadAccount,12.57
BAP67890-1120,2015-11-25,'00:19:56.010,TLG_112015,,,NO_MATCH,AppQueryBean_tktr17_EOImpl_1030_WLStub.getBanInquireInfo,12.57
BAP67890-1120,2015-11-25,'00:19:56.946,LDAP_112015,94,95,EXACT,LdapConnectionPool.getConnection,12.57
BAP67890-1120,2015-11-25,'00:19:56.961,TCM,8,9,OPERATION,TelegenceConnectionManager.getUrl,12.57
BAP67890-1120,2015-11-25,'00:19:56.963,TCM,8,9,OPERATION,TelegenceConnectionManager.getUrl,12.57
BAP67890-1120,2015-11-25,'00:19:56.994,ServiceLocator,1507,1498,EXACT,ServiceLocator.getRemoteEJBReference,12.57
BAP67890-1120,2015-11-25,'00:19:56.998,TCM,8,9,OPERATION,TelegenceConnectionManager.getUrl,12.57
BAP67890-1120,2015-11-25,'00:19:57.000,TCM,8,9,OPERATION,TelegenceConnectionManager.getUrl,12.57
BAP67890-1120,2015-11-25,'00:19:57.003,TCM,8,9,OPERATION,TelegenceConnectionManager.getUrl,12.57
BAP67890-1120,2015-11-25,'00:19:57.005,TCM,8,9,OPERATION,TelegenceConnectionManager.getUrl,12.57
BAP67890-1120,2015-11-25,'00:19:57.007,TCM,8,9,OPERATION,TelegenceConnectionManager.getUrl,12.57
BAP67890-1120,2015-11-25,'00:19:57.560,TCM,26,27,OPERATION,TelegenceConnectionManager.getTicket,12.57
BAP67890-1120,2015-11-25,'00:19:57.564,TCM,26,27,OPERATION,TelegenceConnectionManager.getTicket,12.57
BAP67890-1120,2015-11-25,'00:19:57.567,TCM,26,27,OPERATION,TelegenceConnectionManager.getTicket,12.57
BAP67890-1120,2015-11-25,'00:19:57.570,TCM,26,27,OPERATION,TelegenceConnectionManager.getTicket,12.57
BAP67890-1120,2015-11-25,'00:19:57.572,TCM,26,27,OPERATION,TelegenceConnectionManager.getTicket,12.57
BAP67890-1120,2015-11-25,'00:19:57.574,TCM,26,27,OPERATION,TelegenceConnectionManager.getTicket,12.57
BAP67890-1120,2015-11-25,'00:19:57.576,TCM,26,27,OPERATION,TelegenceConnectionManager.getTicket,12.57
BAP67890-1120,2015-11-25,'00:19:57.578,ENABLER_112015,,,NO_MATCH,CM9PerformanceIndicatorServicesBean_4qfjec_EOImpl_922_WLStub.getRatedPerformanceIndicators,12.57
BAP67890-1120,2015-11-25,'00:19:57.630,LDAP_112015,102,103,EXACT,LDAPConnection.search,12.57
BAP67890-1120,2015-11-25,'00:19:57.886,TCM,8,9,OPERATION,TelegenceConnectionManager.getUrl,12.57
BAP67890-1120,2015-11-25,'00:19:57.890,TCM,8,9,OPERATION,TelegenceConnectionManager.getUrl,12.57
BAP67890-1120,2015-11-25,'00:19:57.893,TCM,8,9,OPERATION,TelegenceConnectionManager.getUrl,12.57
BAP67890-1120,2015-11-25,'00:19:57.895,TCM,8,9,OPERATION,TelegenceConnectionManager.getUrl,12.57
BAP67890-1120,2015-11-25,'00:19:57.898,TCM,8,9,OPERATION,TelegenceConnectionManager.getUrl,12.57
BAP67890-1120,2015-11-25,'00:19:57.900,TCM,8,9,OPERATION,TelegenceConnectionManager.getUrl,12.57
BAP67890-1120,2015-11-25,'00:19:57.903,TCM,8,9,OPERATION,TelegenceConnectionManager.getUrl,12.57
BAP67890-1120,2015-11-25,'00:19:57.905,CSI_112015,781,258,SIGNATURE,InquireUpgradeEligibilityRequest,12.57
BAP67890-1120,2015-11-25,'00:19:58.052,TCM,8,9,OPERATION,TelegenceConnectionManager.getUrl,12.57
BAP67890-1120,2015-11-25,'00:19:58.058,TCM,8,9,OPERATION,TelegenceConnectionManager.getUrl,12.57
BAP67890-1120,2015-11-25,'00:19:58.080,GRID_112015,73,74,EXACT,WirelessDashboardProviderImpl.getWirelessDashboardResponse,12.57
BAP67890-1120,2015-11-25,'00:19:58.204,ServiceLocator,1070,1071,EXACT,ServiceLocator.getRemoteEJBReference,12.57
BAP67890-1120,2015-11-25,'00:19:58.208,ServiceLocator,1070,1071,EXACT,ServiceLocator.getRemoteEJBReference,12.57
BAP67890-1120,2015-11-25,'00:19:58.212,ServiceLocator,1443,1444,EXACT,ServiceLocator.getRemoteEJBReference,12.57
BAP67890-1120,2015-11-25,'00:19:58.214,ServiceLocator,1443,1444,EXACT,ServiceLocator.getRemoteEJBReference,12.57
BAP67890-1120,2015-11-25,'00:19:58.216,ServiceLocator,1443,1444,EXACT,ServiceLocator.getRemoteEJBReference,12.57
BAP67890-1120,2015-11-25,'00:19:58.219,ServiceLocator,1070,1071,EXACT,ServiceLocator.getRemoteEJBReference,12.57
BAP67890-1120,2015-11-25,'00:19:58.223,ServiceLocator,1443,1444,EXACT,ServiceLocator.getRemoteEJBReference,12.57
BAP67890-1120,2015-11-25,'00:19:58.729,TCM,26,27,OPERATION,TelegenceConnectionManager.getTicket,12.57
BAP67890-1120,2015-11-25,'00:19:58.732,TCM,26,27,OPERATION,TelegenceConnectionManager.getTicket,12.57
BAP67890-1120,2015-11-25,'00:19:58.912,TLG_112015,,,NO_MATCH,SubscriberUsageConvBean_gwkhbn_EOImpl_1030_WLStub.getSubUnbilledBal,12.57
BAP67890-1120,2015-11-25,'00:19:58.914,TLG_112015,,,NO_MATCH,SubscriberUsageConvBean_gwkhbn_EOImpl_1030_WLStub.getBanOutForBillingInd,12.57
BAP67890-1120,2015-11-25,'00:19:58.930,TLG_112015,,,NO_MATCH,SubscriberUsageConvBean_gwkhbn_EOImpl_1030_WLStub.getSubUnbilledBal,12.57
BAP67890-1120,2015-11-25,'00:19:58.932,TLG_112015,,,NO_MATCH,SubscriberUsageConvBean_gwkhbn_EOImpl_1030_WLStub.getBanOutForBillingInd,12.57
BAP67890-1120,2015-11-25,'00:19:59.053,TCM,8,9,OPERATION,TelegenceConnectionManager.getUrl,12.57
BAP67890-1120,2015-11-25,'00:19:59.056,TCM,8,9,OPERATION,TelegenceConnectionManager.getUrl,12.57
BAP67890-1120,2015-11-25,'00:19:59.369,ServiceLocator,1136,1137,EXACT,ServiceLocator.getRemoteEJBReference,12.57
BAP67890-1120,2015-11-25,'00:19:59.381,ServiceLocator,1437,1438,EXACT,ServiceLocator.getRemoteEJBReference,12.57
BAP67890-1120,2015-11-25,'00:19:59.707,TLG_112015,,,NO_MATCH,TitanServicesBean_iz1fpv_EOImpl_1030_WLStub.getConvergeEligibilityResults,12.57
BAP67890-1120,2015-11-25,'00:19:59.737,TLG_112015,,,NO_MATCH,BanFinancialActivitiesBean_ukdb17_EOImpl_1030_WLStub.getUnbilledMobileDownload,12.57
BAP67890-1120,2015-11-25,'00:20:02.273,TLG_112015,,,NO_MATCH,AppQueryBean_tktr17_EOImpl_1030_WLStub.getContractRenewalHistory,12.57
BAP67890-1120,2015-11-25,'00:20:02.283,TLG_112015,,,NO_MATCH,AppQueryBean_tktr17_EOImpl_1030_WLStub.getAdjNChrNCrd,12.57
BAP67890-1120,2015-11-25,'00:20:02.286,TLG_112015,,,NO_MATCH,AppQueryBean_tktr17_EOImpl_1030_WLStub.getMobileLevelData,12.57
BAP67890-1120,2015-11-25,'00:20:03.177,ServiceLocator,1511,1512,EXACT,ServiceLocator.getRemoteEJBReference,12.57
BAP67890-1120,2015-11-25,'00:20:39.955,PAMBIS_112015,150,151,EXACT,_PAM_Stub.retrieveCustomerPaymentView3,12.57
BAP67890-1120,2015-11-25,'00:20:42.927,TCM,8,9,OPERATION,TelegenceConnectionManager.getUrl,12.57
BAP67890-1120,2015-11-25,'00:20:43.128,TCM,8,9,OPERATION,TelegenceConnectionManager.getUrl,12.57
BAP67890-1120,2015-11-25,'00:20:43.253,TCM,26,27,OPERATION,TelegenceConnectionManager.getTicket,12.57
BAP67890-1120,2015-11-25,'00:20:43.460,TCM,26,27,OPERATION,TelegenceConnectionManager.getTicket,12.57
BAP67890-1120,2015-11-25,'00:20:43.580,TCM,8,9,OPERATION,TelegenceConnectionManager.getUrl,12.57
BAP67890-1120,2015-11-25,'00:20:43.783,TCM,8,9,OPERATION,TelegenceConnectionManager.getUrl,12.57
BAP67890-1120,2015-11-25,'00:20:43.897,ServiceLocator,1070,1071,EXACT,ServiceLocator.getRemoteEJBReference,12.57
BAP67890-1120,2015-11-25,'00:20:44.130,ServiceLocator,1070,1071,EXACT,ServiceLocator.getRemoteEJBReference,12.57
BAP67890-1120,2015-11-25,'00:20:47.963,TLG_112015,,,NO_MATCH,AppQueryBean_tktr17_EOImpl_1030_WLStub.getProductListInquireInfo,12.57
BAP67890-1120,2015-11-25,'00:20:48.167,TLG_112015,,,NO_MATCH,AppQueryBean_tktr17_EOImpl_1030_WLStub.getMarketBySubscriber,12.57
BAP67890-1120,2015-11-25,'00:20:48.653,TCM,8,9,OPERATION,TelegenceConnectionManager.getUrl,12.57
BAP67890-1120,2015-11-25,'00:20:48.655,TCM,8,9,OPERATION,TelegenceConnectionManager.getUrl,12.57
BAP67890-1120,2015-11-25,'00:20:48.977,TCM,26,27,OPERATION,TelegenceConnectionManager.getTicket,12.57
BAP67890-1120,2015-11-25,'00:20:48.979,TCM,26,27,OPERATION,TelegenceConnectionManager.getTicket,12.57
BAP67890-1120,2015-11-25,'00:20:49.302,TCM,8,9,OPERATION,TelegenceConnectionManager.getUrl,12.57
BAP67890-1120,2015-11-25,'00:20:49.305,TCM,8,9,OPERATION,TelegenceConnectionManager.getUrl,12.57
BAP67890-1120,2015-11-25,'00:20:49.620,ServiceLocator,1070,1071,EXACT,ServiceLocator.getRemoteEJBReference,12.57
BAP67890-1120,2015-11-25,'00:20:49.624,ServiceLocator,1070,1071,EXACT,ServiceLocator.getRemoteEJBReference,12.57
BAP67890-1120,2015-11-25,'00:20:53.685,TLG_112015,,,NO_MATCH,AppQueryBean_tktr17_EOImpl_1030_WLStub.getMarketBySubscriber,12.57
BAP67890-1120,2015-11-25,'00:20:53.687,TLG_112015,,,NO_MATCH,AppQueryBean_tktr17_EOImpl_1030_WLStub.getMarketBySubscriber,12.57
BAP67890-1120,2015-11-25,'00:21:16.403,CSI_112015,932,933,EXACT,InquireUnifiedCustomerLinkRecommendationsRequest,12.57
BAP67890-1120,2015-11-25,'00:21:17.229,GRID_112015,79,80,EXACT,WirelessDashboardProviderImpl.getWirelessDashboardResponse,12.57
BAP67890-1120,2015-11-25,'00:21:18.343,CSI_112015,932,933,EXACT,InquireUnifiedCustomerLinkRecommendationsRequest,12.57
BAP67890-1120,2015-11-25,'00:21:18.864,GRID_112015,79,80,EXACT,WirelessDashboardProviderImpl.getWirelessDashboardResponse,12.57
BAP67890-1120,2015-11-25,'00:21:42.754,MPS_112015,161,162,EXACT,updateMemberRequest,12.57
BAP67890-1120,2015-11-25,'00:21:42.915,CSI_112015,967,968,EXACT,InquireUnifiedCustomerLoginProfileRequest,12.57
BAP67890-1120,2015-11-25,'00:22:57.574,TGUARD_112015,88,89,EXACT,authenticateUserRequest,12.57
BAP67890-1120,2015-11-25,'00:22:59.055,CSI_112015,568,569,EXACT,InquireUnifiedCustomerLoginProfileRequest,12.57
BAP67890-1120,2015-11-25,'00:23:00.010,ServiceLocator,1511,1512,EXACT,ServiceLocator.getRemoteEJBReference,12.57
BAP67890-1120,2015-11-25,'00:23:00.013,GRID_112015,85,86,EXACT,WirelessDashboardProviderImpl.getWirelessDashboardResponse,12.57
BAP67890-1120,2015-11-25,'00:23:36.306,PAMBIS_112015,124,125,EXACT,_PAM_Stub.retrievePaymentProfile,12.57
BAP67890-1120,2015-11-25,'00:23:36.558,CSI_112015,827,828,EXACT,InquireUnifiedCustomerLoginProfileRequest,12.57
BAP67890-1120,2015-11-25,'00:23:36.575,BDS_112015,63,64,EXACT,InquireAccountDetailListRequest,12.57
BAP67890-1120,2015-11-25,'00:23:36.635,CSI_112015,597,598,EXACT,InquireUnifiedCustomerLoginProfileRequest,12.57
BAP67890-1120,2015-11-25,'00:23:36.697,CAPM_112015,94,95,EXACT,CapmGetAffiliatePymtBalanceProcessor.execute,12.57
BAP67890-1120,2015-11-25,'00:23:36.708,CAPM_112015,113,114,EXACT,CapmGetAffiliatePymtBalanceProcessor.execute,12.57
BAP67890-1120,2015-11-25,'00:23:36.716,CAPM_112015,116,117,EXACT,CapmGetAffiliatePymtBalanceProcessor.execute,12.57
BAP67890-1120,2015-11-25,'00:23:36.758,TCM,8,9,OPERATION,TelegenceConnectionManager.getUrl,12.57
BAP67890-1120,2015-11-25,'00:23:36.760,TCM,8,9,OPERATION,TelegenceConnectionManager.getUrl,12.57
BAP67890-1120,2015-11-25,'00:23:37.261,TCM,26,27,OPERATION,TelegenceConnectionManager.getTicket,12.57
BAP67890-1120,2015-11-25,'00:23:37.264,TCM,26,27,OPERATION,TelegenceConnectionManager.getTicket,12.57
BAP67890-1120,2015-11-25,'00:23:37.587,TCM,8,9,OPERATION,TelegenceConnectionManager.getUrl,12.57
BAP67890-1120,2015-11-25,'00:23:37.589,TCM,8,9,OPERATION,TelegenceConnectionManager.getUrl,12.57
BAP67890-1120,2015-11-25,'00:23:37.905,ServiceLocator,1073,1074,EXACT,ServiceLocator.getRemoteEJBReference,12.57
BAP67890-1120,2015-11-25,'00:23:37.908,ServiceLocator,1070,1071,EXACT,ServiceLocator.getRemoteEJBReference,12.57
BAP67890-1120,2015-11-25,'00:23:40.617,TLG_112015,,,NO_MATCH,BanServicesBean_3sdvt9_EOImpl_1030_WLStub.loadAccount,12.57
BAP67890-1120,2015-11-25,'00:23:41.975,TLG_112015,,,NO_MATCH,AppQueryBean_tktr17_EOImpl_1030_WLStub.getBanInquireInfo,12.57
BAP67890-1120,2015-11-25,'00:23:42.996,CSI_112015,786,787,EXACT,InquireUpgradeEligibilityRequest,12.57
BAP67890-1120,2015-11-25,'00:23:43.143,TCM,8,9,OPERATION,TelegenceConnectionManager.getUrl,12.57
BAP67890-1120,2015-11-25,'00:23:43.148,TCM,8,9,OPERATION,TelegenceConnectionManager.getUrl,12.57
BAP67890-1120,2015-11-25,'00:23:43.176,TCM,8,9,OPERATION,TelegenceConnectionManager.getUrl,12.57
BAP67890-1120,2015-11-25,'00:23:43.178,TCM,8,9,OPERATION,TelegenceConnectionManager.getUrl,12.57
BAP67890-1120,2015-11-25,'00:23:43.180,ServiceLocator,1507,1498,EXACT,ServiceLocator.getRemoteEJBReference,12.57
BAP67890-1120,2015-11-25,'00:23:43.184,TCM,8,9,OPERATION,TelegenceConnectionManager.getUrl,12.57
BAP67890-1120,2015-11-25,'00:23:43.186,TCM,8,9,OPERATION,TelegenceConnectionManager.getUrl,12.57
BAP67890-1120,2015-11-25,'00:23:43.188,TCM,8,9,OPERATION,TelegenceConnectionManager.getUrl,12.57
BAP67890-1120,2015-11-25,'00:23:43.191,TCM,8,9,OPERATION,TelegenceConnectionManager.getUrl,12.57
BAP67890-1120,2015-11-25,'00:23:43.193,TCM,8,9,OPERATION,TelegenceConnectionManager.getUrl,12.57
BAP67890-1120,2015-11-25,'00:23:43.466,TCM,26,27,OPERATION,TelegenceConnectionManager.getTicket,12.57
BAP67890-1120,2015-11-25,'00:23:43.472,TCM,26,27,OPERATION,TelegenceConnectionManager.getTicket,12.57
BAP67890-1120,2015-11-25,'00:23:43.497,TCM,26,27,OPERATION,TelegenceConnectionManager.getTicket,12.57
BAP67890-1120,2015-11-25,'00:23:43.502,TCM,26,27,OPERATION,TelegenceConnectionManager.getTicket,12.57
BAP67890-1120,2015-11-25,'00:23:43.506,TCM,26,27,OPERATION,TelegenceConnectionManager.getTicket,12.57
BAP67890-1120,2015-11-25,'00:23:43.511,TCM,26,27,OPERATION,TelegenceConnectionManager.getTicket,12.57
BAP67890-1120,2015-11-25,'00:23:43.513,TCM,26,27,OPERATION,TelegenceConnectionManager.getTicket,12.57
BAP67890-1120,2015-11-25,'00:23:43.515,TCM,26,27,OPERATION,TelegenceConnectionManager.getTicket,12.57
BAP67890-1120,2015-11-25,'00:23:43.517,TCM,26,27,OPERATION,TelegenceConnectionManager.getTicket,12.57
BAP67890-1120,2015-11-25,'00:23:43.557,ENABLER_112015,,,NO_MATCH,CM9PerformanceIndicatorServicesBean_4qfjec_EOImpl_922_WLStub.getRatedPerformanceIndicators,12.57
BAP67890-1120,2015-11-25,'00:23:43.791,TCM,8,9,OPERATION,TelegenceConnectionManager.getUrl,12.57
BAP67890-1120,2015-11-25,'00:23:43.796,TCM,8,9,OPERATION,TelegenceConnectionManager.getUrl,12.57
BAP67890-1120,2015-11-25,'00:23:43.821,TCM,8,9,OPERATION,TelegenceConnectionManager.getUrl,12.57
BAP67890-1120,2015-11-25,'00:23:43.824,TCM,8,9,OPERATION,TelegenceConnectionManager.getUrl,12.57
BAP67890-1120,2015-11-25,'00:23:43.831,TCM,8,9,OPERATION,TelegenceConnectionManager.getUrl,12.57
BAP67890-1120,2015-11-25,'00:23:43.833,TCM,8,9,OPERATION,TelegenceConnectionManager.getUrl,12.57
BAP67890-1120,2015-11-25,'00:23:43.837,TCM,8,9,OPERATION,TelegenceConnectionManager.getUrl,12.57
BAP67890-1120,2015-11-25,'00:23:43.840,TCM,8,9,OPERATION,TelegenceConnectionManager.getUrl,12.57
BAP67890-1120,2015-11-25,'00:23:43.842,TCM,8,9,OPERATION,TelegenceConnectionManager.getUrl,12.57
BAP67890-1120,2015-11-25,'00:23:44.108,ServiceLocator,1136,1137,EXACT,ServiceLocator.getRemoteEJBReference,12.57
BAP67890-1120,2015-11-25,'00:23:44.112,ServiceLocator,1437,1438,EXACT,ServiceLocator.getRemoteEJBReference,12.57
BAP67890-1120,2015-11-25,'00:23:44.138,ServiceLocator,1070,1071,EXACT,ServiceLocator.getRemoteEJBReference,12.57
BAP67890-1120,2015-11-25,'00:23:44.147,ServiceLocator,1070,1071,EXACT,ServiceLocator.getRemoteEJBReference,12.57
BAP67890-1120,2015-11-25,'00:23:44.151,ServiceLocator,1443,1444,EXACT,ServiceLocator.getRemoteEJBReference,12.57
BAP67890-1120,2015-11-25,'00:23:44.154,ServiceLocator,1443,1444,EXACT,ServiceLocator.getRemoteEJBReference,12.57
BAP67890-1120,2015-11-25,'00:23:44.156,ServiceLocator,1443,1444,EXACT,ServiceLocator.getRemoteEJBReference,12.57
BAP67890-1120,2015-11-25,'00:23:44.160,ServiceLocator,1070,1071,EXACT,ServiceLocator.getRemoteEJBReference,12.57
BAP67890-1120,2015-11-25,'00:23:44.164,ServiceLocator,1443,1444,EXACT,ServiceLocator.getRemoteEJBReference,12.57
BAP67890-1120,2015-11-25,'00:23:44.675,TLG_112015,,,NO_MATCH,TitanServicesBean_iz1fpv_EOImpl_1030_WLStub.getConvergeEligibilityResults,12.57
BAP67890-1120,2015-11-25,'00:23:44.711,TLG_112015,,,NO_MATCH,SubscriberUsageConvBean_gwkhbn_EOImpl_1030_WLStub.getBanOutForBillingInd,12.57
BAP67890-1120,2015-11-25,'00:23:44.713,TLG_112015,,,NO_MATCH,BanFinancialActivitiesBean_ukdb17_EOImpl_1030_WLStub.getUnbilledMobileDownload,12.57
BAP67890-1120,2015-11-25,'00:23:44.720,TLG_112015,,,NO_MATCH,SubscriberUsageConvBean_gwkhbn_EOImpl_1030_WLStub.getBanOutForBillingInd,12.57
BAP67890-1120,2015-11-25,'00:23:44.722,TLG_112015,,,NO_MATCH,SubscriberUsageConvBean_gwkhbn_EOImpl_1030_WLStub.getSubUnbilledBal,12.57
BAP67890-1120,2015-11-25,'00:23:44.749,TLG_112015,,,NO_MATCH,SubscriberUsageConvBean_gwkhbn_EOImpl_1030_WLStub.getSubUnbilledBal,12.57
BAP67890-1120,2015-11-25,'00:23:48.204,TLG_112015,,,NO_MATCH,AppQueryBean_tktr17_EOImpl_1030_WLStub.getContractRenewalHistory,12.57
BAP67890-1120,2015-11-25,'00:23:48.216,TLG_112015,,,NO_MATCH,AppQueryBean_tktr17_EOImpl_1030_WLStub.getAdjNChrNCrd,12.57
BAP67890-1120,2015-11-25,'00:23:48.226,TLG_112015,,,NO_MATCH,AppQueryBean_tktr17_EOImpl_1030_WLStub.getMobileLevelData,12.57
BAP67890-1120,2015-11-25,'00:23:48.562,ServiceLocator,1511,1512,EXACT,ServiceLocator.getRemoteEJBReference,12.57
BAP67890-1120,2015-11-25,'00:24:25.134,PAMBIS_112015,153,154,EXACT,_PAM_Stub.retrieveCustomerPaymentView3,12.57
BAP67890-1120,2015-11-25,'00:24:25.452,CSI_112015,855,856,EXACT,InquireUnifiedAccountProfileRequest,12.57
BAP67890-1120,2015-11-25,'00:24:25.461,CSI_112015,884,885,EXACT,InquireTransportProductAvailabilityRequest,12.57
BAP67890-1120,2015-11-25,'00:24:25.464,CSI_112015,635,636,EXACT,InquireFiberServiceAccountDetailsRequest,12.57
BAP67890-1120,2015-11-25,'00:24:25.467,CSI_112015,887,888,EXACT,InquireTransportProductAvailabilityRequest,12.57
BAP67890-1120,2015-11-25,'00:24:25.469,CSI_112015,858,859,EXACT,InquireUnifiedAccountProfileRequest,12.57
BAP67890-1120,2015-11-25,'00:24:25.472,CSI_112015,653,120,SIGNATURE,InquireFiberServiceUsageSummaryRequest,12.57
BAP67890-1120,2015-11-25,'00:24:25.474,CSI_112015,632,633,EXACT,InquireFiberServiceAccountDetailsRequest,12.57
BAP67890-1120,2015-11-25,'00:24:25.564,CSI_112015,689,690,EXACT,InquireCustomerAccountDetailsRequest,12.57
BAP67890-1120,2015-11-25,'00:24:25.591,ServiceLocator,1514,1515,EXACT,ServiceLocator.getRemoteEJBReference,12.57
BAP67890-1120,2015-11-25,'00:24:25.597,ServiceLocator,1511,1512,EXACT,ServiceLocator.getRemoteEJBReference,12.57
BAP67890-1120,2015-11-25,'00:24:25.599,ServiceLocator,1511,1512,EXACT,ServiceLocator.getRemoteEJBReference,12.57
BAP67890-1120,2015-11-25,'00:24:25.803,CSI_112015,734,735,EXACT,InquireFiberServiceAssignedProductDetailsRequest,12.57
BAP67890-1120,2015-11-25,'00:24:25.812,CSI_112015,714,715,EXACT,InquireTransportProductAvailabilityRequest,12.57
BAP67890-1120,2015-11-25,'00:24:27.132,ServiceLocator,1511,1512,EXACT,ServiceLocator.getRemoteEJBReference,12.57
BAP67890-1120,2015-11-25,'00:24:27.155,ServiceLocator,1514,1515,EXACT,ServiceLocator.getRemoteEJBReference,12.57
BAP67890-1120,2015-11-25,'00:24:27.574,SMBIS_112015,44,45,EXACT,_SmFacade_Stub.retrieveSubscriptionAccountsForAffiliatesByAccountNumber,12.57
BAP67890-1120,2015-11-25,'00:24:27.957,SMBIS_112015,36,37,EXACT,_SmFacade_Stub.retrieveSubscriptionAccountsForAffiliatesByAccountNumber,12.57
BAP67890-1120,2015-11-25,'00:25:02.360,PAMBIS_112015,156,157,EXACT,_PAM_Stub.retrieveCustomerPaymentView3,12.57
BAP67890-1120,2015-11-25,'00:25:02.425,PAMBIS_112015,162,163,EXACT,_PAM_Stub.retrieveCustomerPaymentView3,12.57
BAP67890-1120,2015-11-25,'00:25:02.434,PAMBIS_112015,159,160,EXACT,_PAM_Stub.retrieveCustomerPaymentView3,12.57
BAP67890-1120,2015-11-25,'00:26:13.458,MPS_112015,242,243,EXACT,updateMemberRequest,12.57
BAP67890-1120,2015-11-25,'00:26:13.460,MPS_112015,142,143,EXACT,updateMemberRequest,12.57
BAP67890-1120,2015-11-25,'00:26:15.372,CSI_112015,740,213,SIGNATURE,InquireSubscriberListRequest,12.57
BAP67890-1120,2015-11-25,'00:26:15.555,CSI_112015,740,213,SIGNATURE,InquireSubscriberListRequest,12.57
BAP67890-1120,2015-11-25,'00:26:15.729,CSI_112015,766,240,SIGNATURE,InquireFiberServiceUsageSummaryRequest,12.57
BAP67890-1120,2015-11-25,'00:26:15.733,CSI_112015,771,246,SIGNATURE,InquireFiberServiceUsageDetailsRequest,12.57
BAP67890-1120,2015-11-25,'00:26:16.316,TCM,8,9,OPERATION,TelegenceConnectionManager.getUrl,12.57
BAP67890-1120,2015-11-25,'00:26:16.416,TCM,8,9,OPERATION,TelegenceConnectionManager.getUrl,12.57
BAP67890-1120,2015-11-25,'00:26:16.751,TCM,26,27,OPERATION,TelegenceConnectionManager.getTicket,12.57
BAP67890-1120,2015-11-25,'00:26:16.764,TCM,26,27,OPERATION,TelegenceConnectionManager.getTicket,12.57
BAP67890-1120,2015-11-25,'00:26:17.076,TCM,8,9,OPERATION,TelegenceConnectionManager.getUrl,12.57
BAP67890-1120,2015-11-25,'00:26:17.086,TCM,8,9,OPERATION,TelegenceConnectionManager.getUrl,12.57
BAP67890-1120,2015-11-25,'00:26:17.395,ServiceLocator,1070,1071,EXACT,ServiceLocator.getRemoteEJBReference,12.57
BAP67890-1120,2015-11-25,'00:26:17.404,ServiceLocator,1070,1071,EXACT,ServiceLocator.getRemoteEJBReference,12.57
BAP67890-1120,2015-11-25,'00:26:21.489,TLG_112015,,,NO_MATCH,AppQueryBean_tktr17_EOImpl_1030_WLStub.getMarketBySubscriber,12.57
BAP67890-1120,2015-11-25,'00:26:21.489,TLG_112015,,,NO_MATCH,AppQueryBean_tktr17_EOImpl_1030_WLStub.getMarketBySubscriber,12.57
BAP67890-1120,2015-11-25,'00:26:25.206,CSI_112015,935,936,EXACT,InquireUnifiedCustomerLinkRecommendationsRequest,12.57
BAP67890-1120,2015-11-25,'00:26:46.400,MPS_112015,164,165,EXACT,updateMemberRequest,12.57
BAP67890-1120,2015-11-25,'00:27:32.704,BDS_112015,74,75,EXACT,InquireAccountDetailRequest,12.57
BAP67890-1120,2015-11-25,'00:27:32.907,CSI_112015,1000,1001,EXACT,InquireUnifiedCustomerLoginProfileRequest,12.57
BAP67890-1120,2015-11-25,'00:27:33.208,MPS_112015,189,190,EXACT,validateCredentialsRequest,12.57
BAP67890-1120,2015-11-25,'00:28:23.153,TGUARD_112015,91,92,EXACT,authenticateUserRequest,12.57
BAP67890-1120,2015-11-25,'00:28:44.152,MPS_112015,213,214,EXACT,ProfanityScannerRequest,12.57
BAP67890-1120,2015-11-25,'00:28:44.349,MPS_112015,247,248,EXACT,MergeLegacySBUsersRequest,12.57
BAP67890-1120,2015-11-25,'00:29:49.404,BDS_112015,77,78,EXACT,InquireAccountDetailRequest,12.57
BAP67890-1120,2015-11-25,'00:29:49.624,CSI_112015,1003,1004,EXACT,InquireUnifiedCustomerLoginProfileRequest,12.57
BAP67890-1120,2015-11-25,'00:29:49.768,BDS_112015,82,83,EXACT,InquireAccountDetailRequest,12.57
BAP67890-1120,2015-11-25,'00:29:50.187,MPS_112015,192,193,EXACT,validateCredentialsRequest,12.57
BAP67890-1120,2015-11-25,'00:29:50.586,CSI_112015,992,993,EXACT,InquireUnifiedCustomerLoginProfileRequest,12.57
BAP67890-1120,2015-11-25,'00:29:50.853,MPS_112015,216,217,EXACT,ProfanityScannerRequest,12.57
BAP67890-1120,2015-11-25,'00:29:51.168,MPS_112015,224,225,EXACT,queryCPNIAddressesRequest,12.57
BAP67890-1120,2015-11-25,'00:30:58.600,MPS_112015,227,102,SIGNATURE,VerifySecurityCodeRequest,12.57
BAP67890-1120,2015-11-25,'00:30:58.789,MPS_112015,252,253,EXACT,AddAccountRequest,12.57
BAP67890-1120,2015-11-25,'00:31:15.338,TGUARD_112015,88,89,EXACT,authenticateUserRequest,12.57
BAP67890-1120,2015-11-25,'00:31:15.857,CSI_112015,568,569,EXACT,InquireUnifiedCustomerLoginProfileRequest,12.57
BAP67890-1120,2015-11-25,'00:31:16.901,ServiceLocator,1511,1512,EXACT,ServiceLocator.getRemoteEJBReference,12.57
BAP67890-1120,2015-11-25,'00:31:16.903,GRID_112015,85,86,EXACT,WirelessDashboardProviderImpl.getWirelessDashboardResponse,12.57
BAP67890-1120,2015-11-25,'00:31:53.186,PAMBIS_112015,124,125,EXACT,_PAM_Stub.retrievePaymentProfile,12.57
BAP67890-1120,2015-11-25,'00:31:53.689,CSI_112015,827,828,EXACT,InquireUnifiedCustomerLoginProfileRequest,12.57
BAP67890-1120,2015-11-25,'00:31:53.702,BDS_112015,63,64,EXACT,InquireAccountDetailListRequest,12.57
BAP67890-1120,2015-11-25,'00:31:53.767,CSI_112015,597,598,EXACT,InquireUnifiedCustomerLoginProfileRequest,12.57
BAP67890-1120,2015-11-25,'00:31:53.835,CAPM_112015,94,95,EXACT,CapmGetAffiliatePymtBalanceProcessor.execute,12.57
BAP67890-1120,2015-11-25,'00:31:53.837,CAPM_112015,116,117,EXACT,CapmGetAffiliatePymtBalanceProcessor.execute,12.57
BAP67890-1120,2015-11-25,'00:31:53.881,TCM,8,9,OPERATION,TelegenceConnectionManager.getUrl,12.57
BAP67890-1120,2015-11-25,'00:31:53.900,TCM,8,9,OPERATION,TelegenceConnectionManager.getUrl,12.57
BAP67890-1120,2015-11-25,'00:31:54.055,CAPM_112015,113,114,EXACT,CapmGetAffiliatePymtBalanceProcessor.execute,12.57
BAP67890-1120,2015-11-25,'00:31:54.297,TCM,26,27,OPERATION,TelegenceConnectionManager.getTicket,12.57
BAP67890-1120,2015-11-25,'00:31:54.578,TCM,26,27,OPERATION,TelegenceConnectionManager.getTicket,12.57
BAP67890-1120,2015-11-25,'00:31:54.823,TCM,8,9,OPERATION,TelegenceConnectionManager.getUrl,12.57
BAP67890-1120,2015-11-25,'00:31:54.901,TCM,8,9,OPERATION,TelegenceConnectionManager.getUrl,12.57
BAP67890-1120,2015-11-25,'00:31:55.140,ServiceLocator,1073,1074,EXACT,ServiceLocator.getRemoteEJBReference,12.57
BAP67890-1120,2015-11-25,'00:31:55.216,ServiceLocator,1070,1071,EXACT,ServiceLocator.getRemoteEJBReference,12.57
BAP67890-1120,2015-11-25,'00:31:57.853,TLG_112015,,,NO_MATCH,BanServicesBean_3sdvt9_EOImpl_1030_WLStub.loadAccount,12.57
BAP67890-1120,2015-11-25,'00:31:59.307,TLG_112015,,,NO_MATCH,AppQueryBean_tktr17_EOImpl_1030_WLStub.getBanInquireInfo,12.57
BAP67890-1120,2015-11-25,'00:32:00.406,TCM,8,9,OPERATION,TelegenceConnectionManager.getUrl,12.57
BAP67890-1120,2015-11-25,'00:32:00.417,TCM,8,9,OPERATION,TelegenceConnectionManager.getUrl,12.57
BAP67890-1120,2015-11-25,'00:32:00.419,ServiceLocator,1507,1498,EXACT,ServiceLocator.getRemoteEJBReference,12.57
BAP67890-1120,2015-11-25,'00:32:00.425,TCM,8,9,OPERATION,TelegenceConnectionManager.getUrl,12.57
BAP67890-1120,2015-11-25,'00:32:00.728,TCM,26,27,OPERATION,TelegenceConnectionManager.getTicket,12.57
BAP67890-1120,2015-11-25,'00:32:00.742,TCM,26,27,OPERATION,TelegenceConnectionManager.getTicket,12.57
BAP67890-1120,2015-11-25,'00:32:00.748,TCM,26,27,OPERATION,TelegenceConnectionManager.getTicket,12.57
BAP67890-1120,2015-11-25,'00:32:00.757,ENABLER_112015,,,NO_MATCH,CM9PerformanceIndicatorServicesBean_4qfjec_EOImpl_922_WLStub.getRatedPerformanceIndicators,12.57
BAP67890-1120,2015-11-25,'00:32:01.474,TCM,8,9,OPERATION,TelegenceConnectionManager.getUrl,12.57
BAP67890-1120,2015-11-25,'00:32:01.476,TCM,8,9,OPERATION,TelegenceConnectionManager.getUrl,12.57
BAP67890-1120,2015-11-25,'00:32:01.622,TCM,8,9,OPERATION,TelegenceConnectionManager.getUrl,12.57
BAP67890-1120,2015-11-25,'00:32:01.792,ServiceLocator,1437,1438,EXACT,ServiceLocator.getRemoteEJBReference,12.57
BAP67890-1120,2015-11-25,'00:32:01.794,ServiceLocator,1070,1071,EXACT,ServiceLocator.getRemoteEJBReference,12.57
BAP67890-1120,2015-11-25,'00:32:01.947,ServiceLocator,1443,1444,EXACT,ServiceLocator.getRemoteEJBReference,12.57
BAP67890-1120,2015-11-25,'00:32:02.141,TLG_112015,,,NO_MATCH,BanFinancialActivitiesBean_ukdb17_EOImpl_1030_WLStub.getUnbilledMobileDownload,12.57
BAP67890-1120,2015-11-25,'00:32:02.283,TLG_112015,,,NO_MATCH,SubscriberUsageConvBean_gwkhbn_EOImpl_1030_WLStub.getBanOutForBillingInd,12.57
BAP67890-1120,2015-11-25,'00:32:05.860,TLG_112015,,,NO_MATCH,AppQueryBean_tktr17_EOImpl_1030_WLStub.getContractRenewalHistory,12.57
BAP67890-1120,2015-11-25,'00:32:06.043,CSI_112015,635,636,EXACT,InquireFiberServiceAccountDetailsRequest,12.57
BAP67890-1120,2015-11-25,'00:32:06.046,CSI_112015,884,885,EXACT,InquireTransportProductAvailabilityRequest,12.57
BAP67890-1120,2015-11-25,'00:32:06.048,CSI_112015,887,888,EXACT,InquireTransportProductAvailabilityRequest,12.57
BAP67890-1120,2015-11-25,'00:32:06.190,ServiceLocator,1514,1515,EXACT,ServiceLocator.getRemoteEJBReference,12.57
BAP67890-1120,2015-11-25,'00:32:06.192,ServiceLocator,1514,1515,EXACT,ServiceLocator.getRemoteEJBReference,12.57
BAP67890-1120,2015-11-25,'00:32:08.143,SMBIS_112015,36,37,EXACT,_SmFacade_Stub.retrieveSubscriptionAccountsForAffiliatesByAccountNumber,12.57
BAP67890-1120,2015-11-25,'00:32:08.180,SMBIS_112015,44,45,EXACT,_SmFacade_Stub.retrieveSubscriptionAccountsForAffiliatesByAccountNumber,12.57
