qay_slid_testing39_New,2015-07-08,'17:12:23.548,CSI_063115,2221,2222,EXACT,InquireUnifiedCustomerLoginProfileRequest,2.8
qay_slid_testing39_New,2015-07-08,'17:12:23.906,GRID_063115,746,747,EXACT,WirelessDashboardProviderImpl.getWirelessDashboardResponse,2.8
qay_slid_testing39_New,2015-07-08,'17:12:23.912,TCM,8,9,OPERATION,TelegenceConnectionManager.getUrl,2.8
qay_slid_testing39_New,2015-07-08,'17:12:23.914,TCM,8,9,OPERATION,TelegenceConnectionManager.getUrl,2.8
qay_slid_testing39_New,2015-07-08,'17:12:24.253,TCM,26,27,OPERATION,TelegenceConnectionManager.getTicket,2.8
qay_slid_testing39_New,2015-07-08,'17:12:24.255,TCM,26,27,OPERATION,TelegenceConnectionManager.getTicket,2.8
qay_slid_testing39_New,2015-07-08,'17:12:24.592,TCM,8,9,OPERATION,TelegenceConnectionManager.getUrl,2.8
qay_slid_testing39_New,2015-07-08,'17:12:24.594,TCM,8,9,OPERATION,TelegenceConnectionManager.getUrl,2.8
qay_slid_testing39_New,2015-07-08,'17:12:24.929,ServiceLocator,1070,1071,EXACT,ServiceLocator.getRemoteEJBReference,2.8
qay_slid_testing39_New,2015-07-08,'17:12:24.932,ServiceLocator,1073,1074,EXACT,ServiceLocator.getRemoteEJBReference,2.8
qay_slid_testing39_New,2015-07-08,'17:12:25.527,TLG_063115,8689,8690,EXACT,BanServicesBean_3sdvt9_EOImpl_1030_WLStub.loadAccount,2.8
qay_slid_testing39_New,2015-07-08,'17:12:25.530,TLG_063115,8075,8076,EXACT,AppQueryBean_tktr17_EOImpl_1030_WLStub.getBanInquireInfo,2.8
qay_slid_testing39_New,2015-07-08,'17:12:25.800,MRE_063115,1247,1248,EXACT,InitiateBulkUpgradeEligibilityRequest,2.8
qay_slid_testing39_New,2015-07-08,'17:12:30.696,TGUARD_063115,146,147,EXACT,validateTokenRequest,2.8
qay_slid_testing39_New,2015-07-08,'17:12:40.912,CSI_063115,2221,2222,EXACT,InquireUnifiedCustomerLoginProfileRequest,2.8
qay_slid_testing39_New,2015-07-08,'17:12:41.270,GRID_063115,746,747,EXACT,WirelessDashboardProviderImpl.getWirelessDashboardResponse,2.8
qay_slid_testing39_New,2015-07-08,'17:12:41.276,TCM,8,9,OPERATION,TelegenceConnectionManager.getUrl,2.8
qay_slid_testing39_New,2015-07-08,'17:12:41.279,TCM,8,9,OPERATION,TelegenceConnectionManager.getUrl,2.8
qay_slid_testing39_New,2015-07-08,'17:12:41.617,TCM,26,27,OPERATION,TelegenceConnectionManager.getTicket,2.8
qay_slid_testing39_New,2015-07-08,'17:12:41.619,TCM,26,27,OPERATION,TelegenceConnectionManager.getTicket,2.8
qay_slid_testing39_New,2015-07-08,'17:12:41.957,TCM,8,9,OPERATION,TelegenceConnectionManager.getUrl,2.8
qay_slid_testing39_New,2015-07-08,'17:12:41.959,TCM,8,9,OPERATION,TelegenceConnectionManager.getUrl,2.8
qay_slid_testing39_New,2015-07-08,'17:12:42.293,ServiceLocator,1073,1074,EXACT,ServiceLocator.getRemoteEJBReference,2.8
qay_slid_testing39_New,2015-07-08,'17:12:42.296,ServiceLocator,1070,1071,EXACT,ServiceLocator.getRemoteEJBReference,2.8
qay_slid_testing39_New,2015-07-08,'17:12:42.888,TLG_063115,8689,8690,EXACT,BanServicesBean_3sdvt9_EOImpl_1030_WLStub.loadAccount,2.8
qay_slid_testing39_New,2015-07-08,'17:12:42.903,TLG_063115,8075,8076,EXACT,AppQueryBean_tktr17_EOImpl_1030_WLStub.getBanInquireInfo,2.8
qay_slid_testing39_New,2015-07-08,'17:12:43.172,MRE_063115,1247,1248,EXACT,InitiateBulkUpgradeEligibilityRequest,2.8
qay_slid_testing39_New,2015-07-08,'17:13:44.520,MRE_063115,721,33,SIGNATURE,GetBulkUpgradeEligibilityRequest,2.8
qay_slid_testing39_New,2015-07-08,'17:13:44.665,GRID_063115,746,747,EXACT,WirelessDashboardProviderImpl.getWirelessDashboardResponse,2.8
qay_slid_testing39_New,2015-07-08,'17:13:44.673,BillDB,5,6,EXACT,BillingSummaryDAO.getInstance,2.8
qay_slid_testing39_New,2015-07-08,'17:13:44.674,ServiceLocator,1511,1512,EXACT,ServiceLocator.getRemoteEJBReference,2.8
qay_slid_testing39_New,2015-07-08,'17:13:44.859,ServiceLocator,1511,1512,EXACT,ServiceLocator.getRemoteEJBReference,2.8
qay_slid_testing39_New,2015-07-08,'17:13:45.014,BillDB,,,NO_MATCH,BillingSummaryDAO.getBillingSummary,2.8
qay_slid_testing39_New,2015-07-08,'17:13:45.033,PAMBIS_063115,1356,1357,EXACT,_PAM_Stub.retrieveCustomerPaymentView3,2.8
qay_slid_testing39_New,2015-07-08,'17:13:45.051,TCM,,,NO_MATCH,MobilityEnablerConnectionManager.getInstance,2.8
qay_slid_testing39_New,2015-07-08,'17:13:45.052,TCM,,,NO_MATCH,MobilityEnablerConnectionManager.getInstance,2.8
qay_slid_testing39_New,2015-07-08,'17:13:45.054,TCM,8,9,OPERATION,TelegenceConnectionManager.getUrl,2.8
qay_slid_testing39_New,2015-07-08,'17:13:45.057,TCM,8,9,OPERATION,TelegenceConnectionManager.getUrl,2.8
qay_slid_testing39_New,2015-07-08,'17:13:45.203,PAMBIS_063115,1356,1357,EXACT,_PAM_Stub.retrieveCustomerPaymentView3,2.8
qay_slid_testing39_New,2015-07-08,'17:13:45.399,TCM,26,27,OPERATION,TelegenceConnectionManager.getTicket,2.8
qay_slid_testing39_New,2015-07-08,'17:13:45.401,TCM,26,27,OPERATION,TelegenceConnectionManager.getTicket,2.8
qay_slid_testing39_New,2015-07-08,'17:13:45.403,TCM,38,27,OPERATION,MobilityEnablerConnectionManager.getTicket,2.8
qay_slid_testing39_New,2015-07-08,'17:13:45.488,TCM,38,27,OPERATION,MobilityEnablerConnectionManager.getTicket,2.8
qay_slid_testing39_New,2015-07-08,'17:13:45.738,TCM,8,9,OPERATION,TelegenceConnectionManager.getUrl,2.8
qay_slid_testing39_New,2015-07-08,'17:13:45.740,ServiceLocator,1507,1498,EXACT,ServiceLocator.getRemoteEJBReference,2.8
qay_slid_testing39_New,2015-07-08,'17:13:45.742,TCM,8,9,OPERATION,TelegenceConnectionManager.getUrl,2.8
qay_slid_testing39_New,2015-07-08,'17:13:45.823,ServiceLocator,1507,1498,EXACT,ServiceLocator.getRemoteEJBReference,2.8
qay_slid_testing39_New,2015-07-08,'17:13:46.076,ServiceLocator,1443,1444,EXACT,ServiceLocator.getRemoteEJBReference,2.8
qay_slid_testing39_New,2015-07-08,'17:13:46.078,ServiceLocator,1443,1444,EXACT,ServiceLocator.getRemoteEJBReference,2.8
qay_slid_testing39_New,2015-07-08,'17:13:46.082,ENABLER_063115,402,403,EXACT,CM9PerformanceIndicatorServicesBean_4qfjec_EOImpl_922_WLStub.getRatedPerformanceIndicators,2.8
qay_slid_testing39_New,2015-07-08,'17:13:46.167,ENABLER_063115,405,406,EXACT,CM9PerformanceIndicatorServicesBean_4qfjec_EOImpl_922_WLStub.getRatedPerformanceIndicators,2.8
qay_slid_testing39_New,2015-07-08,'17:13:46.420,TLG_063115,9649,9650,EXACT,SubscriberUsageConvBean_gwkhbn_EOImpl_1030_WLStub.getBanOutForBillingInd,2.8
qay_slid_testing39_New,2015-07-08,'17:13:46.421,TLG_063115,9649,9650,EXACT,SubscriberUsageConvBean_gwkhbn_EOImpl_1030_WLStub.getBanOutForBillingInd,2.8
qay_slid_testing39_New,2015-07-08,'17:13:56.448,LDAP_063115,1126,1127,EXACT,EdConnectionPool.getConnection,2.8
qay_slid_testing39_New,2015-07-08,'17:13:56.795,LDAP_063115,,,NO_MATCH,LDAPConnection.search,2.8
qay_slid_testing39_New,2015-07-08,'17:14:04.953,MRE_063115,721,33,SIGNATURE,GetBulkUpgradeEligibilityRequest,2.8
qay_slid_testing39_New,2015-07-08,'17:14:05.099,GRID_063115,746,747,EXACT,WirelessDashboardProviderImpl.getWirelessDashboardResponse,2.8
qay_slid_testing39_New,2015-07-08,'17:14:17.714,LDAP_063115,1703,1704,EXACT,LdapConnectionPool.getConnection,2.8
qay_slid_testing39_New,2015-07-08,'17:14:17.752,LDAP_063115,1703,1704,EXACT,LdapConnectionPool.getConnection,2.8
qay_slid_testing39_New,2015-07-08,'17:14:17.792,LDAP_063115,1703,1704,EXACT,LdapConnectionPool.getConnection,2.8
qay_slid_testing39_New,2015-07-08,'17:14:17.794,LDAP_063115,1703,1704,EXACT,LdapConnectionPool.getConnection,2.8
qay_slid_testing39_New,2015-07-08,'17:14:18.070,LDAP_063115,1756,1757,EXACT,LDAPConnection.search,2.8
qay_slid_testing39_New,2015-07-08,'17:14:18.093,LDAP_063115,1756,1757,EXACT,LDAPConnection.search,2.8
qay_slid_testing39_New,2015-07-08,'17:14:18.133,LDAP_063115,1756,1757,EXACT,LDAPConnection.search,2.8
qay_slid_testing39_New,2015-07-08,'17:14:18.136,LDAP_063115,1194,1195,EXACT,LDAPConnection.search,2.8
qay_slid_testing39_New,2015-07-08,'17:14:18.465,LDAP_063115,1703,1704,EXACT,LdapConnectionPool.getConnection,2.8
qay_slid_testing39_New,2015-07-08,'17:14:18.466,LDAP_063115,1703,1704,EXACT,LdapConnectionPool.getConnection,2.8
qay_slid_testing39_New,2015-07-08,'17:14:18.495,LDAP_063115,1703,1704,EXACT,LdapConnectionPool.getConnection,2.8
qay_slid_testing39_New,2015-07-08,'17:14:18.508,GRID_063115,746,747,EXACT,WirelessDashboardProviderImpl.getWirelessDashboardResponse,2.8
qay_slid_testing39_New,2015-07-08,'17:14:18.822,LDAP_063115,1194,1195,EXACT,LDAPConnection.search,2.8
qay_slid_testing39_New,2015-07-08,'17:14:18.825,LDAP_063115,1194,1195,EXACT,LDAPConnection.search,2.8
qay_slid_testing39_New,2015-07-08,'17:14:18.835,LDAP_063115,1194,1195,EXACT,LDAPConnection.search,2.8
qay_slid_testing39_New,2015-07-08,'17:14:19.063,BillDB,5,6,EXACT,BillingSummaryDAO.getInstance,2.8
qay_slid_testing39_New,2015-07-08,'17:14:19.224,TCM,8,9,OPERATION,TelegenceConnectionManager.getUrl,2.8
qay_slid_testing39_New,2015-07-08,'17:14:19.225,TCM,8,9,OPERATION,TelegenceConnectionManager.getUrl,2.8
qay_slid_testing39_New,2015-07-08,'17:14:19.227,TCM,8,9,OPERATION,TelegenceConnectionManager.getUrl,2.8
qay_slid_testing39_New,2015-07-08,'17:14:19.230,TCM,8,9,OPERATION,TelegenceConnectionManager.getUrl,2.8
qay_slid_testing39_New,2015-07-08,'17:14:19.232,TCM,8,9,OPERATION,TelegenceConnectionManager.getUrl,2.8
qay_slid_testing39_New,2015-07-08,'17:14:19.234,TCM,8,9,OPERATION,TelegenceConnectionManager.getUrl,2.8
qay_slid_testing39_New,2015-07-08,'17:14:19.235,TCM,8,9,OPERATION,TelegenceConnectionManager.getUrl,2.8
qay_slid_testing39_New,2015-07-08,'17:14:19.400,BillDB,511,503,EXACT,BillingSummaryDAO.getMobileShareBillingSummaryfromDB,2.8
qay_slid_testing39_New,2015-07-08,'17:14:19.562,TCM,26,27,OPERATION,TelegenceConnectionManager.getTicket,2.8
qay_slid_testing39_New,2015-07-08,'17:14:19.564,TCM,26,27,OPERATION,TelegenceConnectionManager.getTicket,2.8
qay_slid_testing39_New,2015-07-08,'17:14:19.566,TCM,26,27,OPERATION,TelegenceConnectionManager.getTicket,2.8
qay_slid_testing39_New,2015-07-08,'17:14:19.568,TCM,26,27,OPERATION,TelegenceConnectionManager.getTicket,2.8
qay_slid_testing39_New,2015-07-08,'17:14:19.569,TCM,26,27,OPERATION,TelegenceConnectionManager.getTicket,2.8
qay_slid_testing39_New,2015-07-08,'17:14:19.570,TCM,26,27,OPERATION,TelegenceConnectionManager.getTicket,2.8
qay_slid_testing39_New,2015-07-08,'17:14:19.572,TCM,26,27,OPERATION,TelegenceConnectionManager.getTicket,2.8
qay_slid_testing39_New,2015-07-08,'17:14:19.712,CSI_063115,4234,3803,EXACT,InquireSharePlanRecommendationRequest,2.8
qay_slid_testing39_New,2015-07-08,'17:14:19.901,TCM,8,9,OPERATION,TelegenceConnectionManager.getUrl,2.8
qay_slid_testing39_New,2015-07-08,'17:14:19.903,TCM,8,9,OPERATION,TelegenceConnectionManager.getUrl,2.8
qay_slid_testing39_New,2015-07-08,'17:14:19.905,TCM,8,9,OPERATION,TelegenceConnectionManager.getUrl,2.8
qay_slid_testing39_New,2015-07-08,'17:14:19.907,TCM,8,9,OPERATION,TelegenceConnectionManager.getUrl,2.8
qay_slid_testing39_New,2015-07-08,'17:14:19.908,TCM,8,9,OPERATION,TelegenceConnectionManager.getUrl,2.8
qay_slid_testing39_New,2015-07-08,'17:14:19.910,TCM,8,9,OPERATION,TelegenceConnectionManager.getUrl,2.8
qay_slid_testing39_New,2015-07-08,'17:14:19.912,TCM,8,9,OPERATION,TelegenceConnectionManager.getUrl,2.8
qay_slid_testing39_New,2015-07-08,'17:14:20.238,ServiceLocator,1449,1450,EXACT,ServiceLocator.getRemoteEJBReference,2.8
qay_slid_testing39_New,2015-07-08,'17:14:20.240,ServiceLocator,1070,1071,EXACT,ServiceLocator.getRemoteEJBReference,2.8
qay_slid_testing39_New,2015-07-08,'17:14:20.245,ServiceLocator,1070,1071,EXACT,ServiceLocator.getRemoteEJBReference,2.8
qay_slid_testing39_New,2015-07-08,'17:14:20.248,ServiceLocator,1449,1450,EXACT,ServiceLocator.getRemoteEJBReference,2.8
qay_slid_testing39_New,2015-07-08,'17:14:20.250,ServiceLocator,1449,1450,EXACT,ServiceLocator.getRemoteEJBReference,2.8
qay_slid_testing39_New,2015-07-08,'17:14:20.252,ServiceLocator,1449,1450,EXACT,ServiceLocator.getRemoteEJBReference,2.8
qay_slid_testing39_New,2015-07-08,'17:14:20.254,ServiceLocator,1070,1071,EXACT,ServiceLocator.getRemoteEJBReference,2.8
qay_slid_testing39_New,2015-07-08,'17:14:21.118,TCM,8,9,OPERATION,TelegenceConnectionManager.getUrl,2.8
qay_slid_testing39_New,2015-07-08,'17:14:21.120,TCM,8,9,OPERATION,TelegenceConnectionManager.getUrl,2.8
qay_slid_testing39_New,2015-07-08,'17:14:21.167,TLG_063115,15358,15359,EXACT,AppQueryBean_tktr17_EOImpl_1030_WLStub.getProductListInquireInfo,2.8
qay_slid_testing39_New,2015-07-08,'17:14:21.223,TCM,8,9,OPERATION,TelegenceConnectionManager.getUrl,2.8
qay_slid_testing39_New,2015-07-08,'17:14:21.225,TCM,8,9,OPERATION,TelegenceConnectionManager.getUrl,2.8
qay_slid_testing39_New,2015-07-08,'17:14:21.227,TCM,8,9,OPERATION,TelegenceConnectionManager.getUrl,2.8
qay_slid_testing39_New,2015-07-08,'17:14:21.252,TCM,8,9,OPERATION,TelegenceConnectionManager.getUrl,2.8
qay_slid_testing39_New,2015-07-08,'17:14:21.455,ServiceLocator,1067,1068,EXACT,ServiceLocator.getRemoteEJBReference,2.8
qay_slid_testing39_New,2015-07-08,'17:14:21.459,ServiceLocator,1067,1068,EXACT,ServiceLocator.getRemoteEJBReference,2.8
qay_slid_testing39_New,2015-07-08,'17:14:21.702,ServiceLocator,1067,1068,EXACT,ServiceLocator.getRemoteEJBReference,2.8
qay_slid_testing39_New,2015-07-08,'17:14:21.782,ServiceLocator,1067,1068,EXACT,ServiceLocator.getRemoteEJBReference,2.8
qay_slid_testing39_New,2015-07-08,'17:14:21.785,ServiceLocator,1067,1068,EXACT,ServiceLocator.getRemoteEJBReference,2.8
qay_slid_testing39_New,2015-07-08,'17:14:21.788,ServiceLocator,1067,1068,EXACT,ServiceLocator.getRemoteEJBReference,2.8
qay_slid_testing39_New,2015-07-08,'17:14:22.426,TLG_063115,11049,11050,EXACT,AppQueryBean_tktr17_EOImpl_1030_WLStub.getProductInquireInfo,2.8
qay_slid_testing39_New,2015-07-08,'17:14:22.507,TLG_063115,13899,13900,EXACT,ProductAgreementBean_sd4w3n_EOImpl_1030_WLStub.getAgreementInfo,2.8
qay_slid_testing39_New,2015-07-08,'17:14:22.673,TLG_063115,14699,14700,EXACT,ProductAgreementBean_sd4w3n_EOImpl_1030_WLStub.getCurrentFeatures,2.8
qay_slid_testing39_New,2015-07-08,'17:14:22.677,TLG_063115,14699,14700,EXACT,ProductAgreementBean_sd4w3n_EOImpl_1030_WLStub.getCurrentFeatures,2.8
qay_slid_testing39_New,2015-07-08,'17:14:22.998,TLG_063115,13899,13900,EXACT,ProductAgreementBean_sd4w3n_EOImpl_1030_WLStub.getAgreementInfo,2.8
qay_slid_testing39_New,2015-07-08,'17:14:23.003,TLG_063115,11049,11050,EXACT,AppQueryBean_tktr17_EOImpl_1030_WLStub.getProductInquireInfo,2.8
qay_slid_testing39_New,2015-07-08,'17:14:23.165,TCM,8,9,OPERATION,TelegenceConnectionManager.getUrl,2.8
qay_slid_testing39_New,2015-07-08,'17:14:23.249,TCM,8,9,OPERATION,TelegenceConnectionManager.getUrl,2.8
qay_slid_testing39_New,2015-07-08,'17:14:23.331,TCM,8,9,OPERATION,TelegenceConnectionManager.getUrl,2.8
qay_slid_testing39_New,2015-07-08,'17:14:23.333,TCM,8,9,OPERATION,TelegenceConnectionManager.getUrl,2.8
qay_slid_testing39_New,2015-07-08,'17:14:23.465,TCM,8,9,OPERATION,TelegenceConnectionManager.getUrl,2.8
qay_slid_testing39_New,2015-07-08,'17:14:23.501,ServiceLocator,1067,1068,EXACT,ServiceLocator.getRemoteEJBReference,2.8
qay_slid_testing39_New,2015-07-08,'17:14:23.586,TCM,8,9,OPERATION,TelegenceConnectionManager.getUrl,2.8
qay_slid_testing39_New,2015-07-08,'17:14:23.665,ServiceLocator,1067,1068,EXACT,ServiceLocator.getRemoteEJBReference,2.8
qay_slid_testing39_New,2015-07-08,'17:14:23.829,ServiceLocator,1067,1068,EXACT,ServiceLocator.getRemoteEJBReference,2.8
qay_slid_testing39_New,2015-07-08,'17:14:23.833,ServiceLocator,1067,1068,EXACT,ServiceLocator.getRemoteEJBReference,2.8
qay_slid_testing39_New,2015-07-08,'17:14:24.234,ServiceLocator,1067,1068,EXACT,ServiceLocator.getRemoteEJBReference,2.8
qay_slid_testing39_New,2015-07-08,'17:14:24.398,ServiceLocator,1067,1068,EXACT,ServiceLocator.getRemoteEJBReference,2.8
qay_slid_testing39_New,2015-07-08,'17:14:24.400,TLG_063115,11579,11580,EXACT,RefQueryBean_3xgipj_EOImpl_1030_WLStub.getLogicalDateByType,2.8
qay_slid_testing39_New,2015-07-08,'17:14:24.402,TLG_063115,11579,11580,EXACT,RefQueryBean_3xgipj_EOImpl_1030_WLStub.getLogicalDateByType,2.8
qay_slid_testing39_New,2015-07-08,'17:14:24.643,TLG_063115,11579,11580,EXACT,RefQueryBean_3xgipj_EOImpl_1030_WLStub.getLogicalDateByType,2.8
qay_slid_testing39_New,2015-07-08,'17:14:24.645,TLG_063115,11579,11580,EXACT,RefQueryBean_3xgipj_EOImpl_1030_WLStub.getLogicalDateByType,2.8
qay_slid_testing39_New,2015-07-08,'17:14:24.817,TLG_063115,13177,13178,EXACT,RefQueryBean_3xgipj_EOImpl_1030_WLStub.getEquDetailsBySerialNo,2.8
qay_slid_testing39_New,2015-07-08,'17:14:24.836,TLG_063115,11579,11580,EXACT,RefQueryBean_3xgipj_EOImpl_1030_WLStub.getLogicalDateByType,2.8
qay_slid_testing39_New,2015-07-08,'17:14:24.838,TLG_063115,11579,11580,EXACT,RefQueryBean_3xgipj_EOImpl_1030_WLStub.getLogicalDateByType,2.8
qay_slid_testing39_New,2015-07-08,'17:14:25.179,TLG_063115,13177,13178,EXACT,RefQueryBean_3xgipj_EOImpl_1030_WLStub.getEquDetailsBySerialNo,2.8
qay_slid_testing39_New,2015-07-08,'17:14:25.650,TCM,8,9,OPERATION,TelegenceConnectionManager.getUrl,2.8
qay_slid_testing39_New,2015-07-08,'17:14:25.652,TCM,8,9,OPERATION,TelegenceConnectionManager.getUrl,2.8
qay_slid_testing39_New,2015-07-08,'17:14:25.655,TCM,8,9,OPERATION,TelegenceConnectionManager.getUrl,2.8
qay_slid_testing39_New,2015-07-08,'17:14:25.658,TCM,8,9,OPERATION,TelegenceConnectionManager.getUrl,2.8
qay_slid_testing39_New,2015-07-08,'17:14:25.660,TCM,8,9,OPERATION,TelegenceConnectionManager.getUrl,2.8
qay_slid_testing39_New,2015-07-08,'17:14:25.662,TCM,8,9,OPERATION,TelegenceConnectionManager.getUrl,2.8
qay_slid_testing39_New,2015-07-08,'17:14:25.666,TCM,8,9,OPERATION,TelegenceConnectionManager.getUrl,2.8
qay_slid_testing39_New,2015-07-08,'17:14:25.668,TCM,8,9,OPERATION,TelegenceConnectionManager.getUrl,2.8
qay_slid_testing39_New,2015-07-08,'17:14:25.670,TCM,8,9,OPERATION,TelegenceConnectionManager.getUrl,2.8
qay_slid_testing39_New,2015-07-08,'17:14:25.989,TCM,26,27,OPERATION,TelegenceConnectionManager.getTicket,2.8
qay_slid_testing39_New,2015-07-08,'17:14:25.991,TCM,26,27,OPERATION,TelegenceConnectionManager.getTicket,2.8
qay_slid_testing39_New,2015-07-08,'17:14:25.993,TCM,26,27,OPERATION,TelegenceConnectionManager.getTicket,2.8
qay_slid_testing39_New,2015-07-08,'17:14:25.994,TCM,26,27,OPERATION,TelegenceConnectionManager.getTicket,2.8
qay_slid_testing39_New,2015-07-08,'17:14:25.996,TCM,26,27,OPERATION,TelegenceConnectionManager.getTicket,2.8
qay_slid_testing39_New,2015-07-08,'17:14:25.998,TCM,26,27,OPERATION,TelegenceConnectionManager.getTicket,2.8
qay_slid_testing39_New,2015-07-08,'17:14:26.001,TCM,26,27,OPERATION,TelegenceConnectionManager.getTicket,2.8
qay_slid_testing39_New,2015-07-08,'17:14:26.003,TCM,26,27,OPERATION,TelegenceConnectionManager.getTicket,2.8
qay_slid_testing39_New,2015-07-08,'17:14:26.005,TCM,26,27,OPERATION,TelegenceConnectionManager.getTicket,2.8
qay_slid_testing39_New,2015-07-08,'17:14:26.328,TCM,8,9,OPERATION,TelegenceConnectionManager.getUrl,2.8
qay_slid_testing39_New,2015-07-08,'17:14:26.330,TCM,8,9,OPERATION,TelegenceConnectionManager.getUrl,2.8
qay_slid_testing39_New,2015-07-08,'17:14:26.331,TCM,8,9,OPERATION,TelegenceConnectionManager.getUrl,2.8
qay_slid_testing39_New,2015-07-08,'17:14:26.333,TCM,8,9,OPERATION,TelegenceConnectionManager.getUrl,2.8
qay_slid_testing39_New,2015-07-08,'17:14:26.335,TCM,8,9,OPERATION,TelegenceConnectionManager.getUrl,2.8
qay_slid_testing39_New,2015-07-08,'17:14:26.336,TCM,8,9,OPERATION,TelegenceConnectionManager.getUrl,2.8
qay_slid_testing39_New,2015-07-08,'17:14:26.338,TCM,8,9,OPERATION,TelegenceConnectionManager.getUrl,2.8
qay_slid_testing39_New,2015-07-08,'17:14:26.340,TCM,8,9,OPERATION,TelegenceConnectionManager.getUrl,2.8
qay_slid_testing39_New,2015-07-08,'17:14:26.342,TCM,8,9,OPERATION,TelegenceConnectionManager.getUrl,2.8
qay_slid_testing39_New,2015-07-08,'17:14:26.664,ServiceLocator,1067,1068,EXACT,ServiceLocator.getRemoteEJBReference,2.8
qay_slid_testing39_New,2015-07-08,'17:14:26.667,ServiceLocator,1431,1432,EXACT,ServiceLocator.getRemoteEJBReference,2.8
qay_slid_testing39_New,2015-07-08,'17:14:26.670,ServiceLocator,1067,1068,EXACT,ServiceLocator.getRemoteEJBReference,2.8
qay_slid_testing39_New,2015-07-08,'17:14:26.673,ServiceLocator,1431,1432,EXACT,ServiceLocator.getRemoteEJBReference,2.8
qay_slid_testing39_New,2015-07-08,'17:14:26.677,ServiceLocator,1073,1074,EXACT,ServiceLocator.getRemoteEJBReference,2.8
qay_slid_testing39_New,2015-07-08,'17:14:26.680,ServiceLocator,1070,1071,EXACT,ServiceLocator.getRemoteEJBReference,2.8
qay_slid_testing39_New,2015-07-08,'17:14:26.684,ServiceLocator,1070,1071,EXACT,ServiceLocator.getRemoteEJBReference,2.8
qay_slid_testing39_New,2015-07-08,'17:14:26.689,ServiceLocator,1449,1450,EXACT,ServiceLocator.getRemoteEJBReference,2.8
qay_slid_testing39_New,2015-07-08,'17:14:26.691,ServiceLocator,1449,1450,EXACT,ServiceLocator.getRemoteEJBReference,2.8
qay_slid_testing39_New,2015-07-08,'17:14:27.877,TLG_063115,15582,15583,EXACT,RefQueryBean_3xgipj_EOImpl_1030_WLStub.getLogicalDateList,2.8
qay_slid_testing39_New,2015-07-08,'17:14:27.878,TLG_063115,,,NO_MATCH,GroupLevelServicesBean_46g1w3_EOImpl_1030_WLStub.getGroupMembers,2.8
qay_slid_testing39_New,2015-07-08,'17:14:27.985,TCM,8,9,OPERATION,TelegenceConnectionManager.getUrl,2.8
qay_slid_testing39_New,2015-07-08,'17:14:27.987,TLG_063115,8689,8690,EXACT,BanServicesBean_3sdvt9_EOImpl_1030_WLStub.loadAccount,2.8
qay_slid_testing39_New,2015-07-08,'17:14:27.990,TLG_063115,,,NO_MATCH,GroupLevelServicesBean_46g1w3_EOImpl_1030_WLStub.getGroupServices,2.8
qay_slid_testing39_New,2015-07-08,'17:14:27.991,TLG_063115,11579,11580,EXACT,RefQueryBean_3xgipj_EOImpl_1030_WLStub.getLogicalDateByType,2.8
qay_slid_testing39_New,2015-07-08,'17:14:27.997,TLG_063115,8075,8076,EXACT,AppQueryBean_tktr17_EOImpl_1030_WLStub.getBanInquireInfo,2.8
qay_slid_testing39_New,2015-07-08,'17:14:27.999,TCM,8,9,OPERATION,TelegenceConnectionManager.getUrl,2.8
qay_slid_testing39_New,2015-07-08,'17:14:28.065,TCM,8,9,OPERATION,TelegenceConnectionManager.getUrl,2.8
qay_slid_testing39_New,2015-07-08,'17:14:28.322,ServiceLocator,1067,1068,EXACT,ServiceLocator.getRemoteEJBReference,2.8
qay_slid_testing39_New,2015-07-08,'17:14:28.333,ServiceLocator,1067,1068,EXACT,ServiceLocator.getRemoteEJBReference,2.8
qay_slid_testing39_New,2015-07-08,'17:14:28.402,ServiceLocator,1067,1068,EXACT,ServiceLocator.getRemoteEJBReference,2.8
qay_slid_testing39_New,2015-07-08,'17:14:29.008,TLG_063115,14702,14703,EXACT,ProductAgreementBean_sd4w3n_EOImpl_1030_WLStub.getCurrentFeatures,2.8
qay_slid_testing39_New,2015-07-08,'17:14:29.013,TLG_063115,13902,13903,EXACT,ProductAgreementBean_sd4w3n_EOImpl_1030_WLStub.getAgreementInfo,2.8
qay_slid_testing39_New,2015-07-08,'17:14:29.015,TLG_063115,11052,11053,EXACT,AppQueryBean_tktr17_EOImpl_1030_WLStub.getProductInquireInfo,2.8
qay_slid_testing39_New,2015-07-08,'17:14:29.622,TCM,8,9,OPERATION,TelegenceConnectionManager.getUrl,2.8
qay_slid_testing39_New,2015-07-08,'17:14:29.629,TCM,8,9,OPERATION,TelegenceConnectionManager.getUrl,2.8
qay_slid_testing39_New,2015-07-08,'17:14:29.702,TCM,8,9,OPERATION,TelegenceConnectionManager.getUrl,2.8
qay_slid_testing39_New,2015-07-08,'17:14:29.959,ServiceLocator,1067,1068,EXACT,ServiceLocator.getRemoteEJBReference,2.8
qay_slid_testing39_New,2015-07-08,'17:14:29.963,ServiceLocator,1067,1068,EXACT,ServiceLocator.getRemoteEJBReference,2.8
qay_slid_testing39_New,2015-07-08,'17:14:30.039,ServiceLocator,1067,1068,EXACT,ServiceLocator.getRemoteEJBReference,2.8
qay_slid_testing39_New,2015-07-08,'17:14:30.640,TLG_063115,11579,11580,EXACT,RefQueryBean_3xgipj_EOImpl_1030_WLStub.getLogicalDateByType,2.8
qay_slid_testing39_New,2015-07-08,'17:14:30.718,TLG_063115,11579,11580,EXACT,RefQueryBean_3xgipj_EOImpl_1030_WLStub.getLogicalDateByType,2.8
qay_slid_testing39_New,2015-07-08,'17:14:30.719,TLG_063115,11579,11580,EXACT,RefQueryBean_3xgipj_EOImpl_1030_WLStub.getLogicalDateByType,2.8
qay_slid_testing39_New,2015-07-08,'17:14:31.060,TLG_063115,13177,13178,EXACT,RefQueryBean_3xgipj_EOImpl_1030_WLStub.getEquDetailsBySerialNo,2.8
qay_slid_testing40_New,2015-07-08,'17:03:31.376,CSI_063115,2233,2234,EXACT,InquireUnifiedCustomerLoginProfileRequest,1.35
qay_slid_testing40_New,2015-07-08,'17:03:31.992,TCM,8,9,OPERATION,TelegenceConnectionManager.getUrl,1.35
qay_slid_testing40_New,2015-07-08,'17:03:31.996,TCM,8,9,OPERATION,TelegenceConnectionManager.getUrl,1.35
qay_slid_testing40_New,2015-07-08,'17:03:32.001,GRID_063115,761,762,EXACT,WirelessDashboardProviderImpl.getWirelessDashboardResponse,1.35
qay_slid_testing40_New,2015-07-08,'17:03:32.332,TCM,26,27,OPERATION,TelegenceConnectionManager.getTicket,1.35
qay_slid_testing40_New,2015-07-08,'17:03:32.333,TCM,26,27,OPERATION,TelegenceConnectionManager.getTicket,1.35
qay_slid_testing40_New,2015-07-08,'17:03:32.671,TCM,8,9,OPERATION,TelegenceConnectionManager.getUrl,1.35
qay_slid_testing40_New,2015-07-08,'17:03:32.674,TCM,8,9,OPERATION,TelegenceConnectionManager.getUrl,1.35
qay_slid_testing40_New,2015-07-08,'17:03:33.009,ServiceLocator,1073,1074,EXACT,ServiceLocator.getRemoteEJBReference,1.35
qay_slid_testing40_New,2015-07-08,'17:03:33.013,ServiceLocator,1070,1071,EXACT,ServiceLocator.getRemoteEJBReference,1.35
qay_slid_testing40_New,2015-07-08,'17:03:33.612,TLG_063115,8719,8720,EXACT,BanServicesBean_3sdvt9_EOImpl_1030_WLStub.loadAccount,1.35
qay_slid_testing40_New,2015-07-08,'17:03:33.618,TLG_063115,8105,8106,EXACT,AppQueryBean_tktr17_EOImpl_1030_WLStub.getBanInquireInfo,1.35
qay_slid_testing40_New,2015-07-08,'17:03:33.890,MRE_063115,1139,1140,EXACT,InitiateBulkUpgradeEligibilityRequest,1.35
qay_slid_testing40_New,2015-07-08,'17:03:35.213,TGUARD_063115,152,153,EXACT,validateTokenRequest,1.35
qay_slid_testing40_New,2015-07-08,'17:03:35.350,CSI_063115,2233,2234,EXACT,InquireUnifiedCustomerLoginProfileRequest,1.35
qay_slid_testing40_New,2015-07-08,'17:03:35.633,GRID_063115,761,762,EXACT,WirelessDashboardProviderImpl.getWirelessDashboardResponse,1.35
qay_slid_testing40_New,2015-07-08,'17:03:35.640,TCM,8,9,OPERATION,TelegenceConnectionManager.getUrl,1.35
qay_slid_testing40_New,2015-07-08,'17:03:35.642,TCM,8,9,OPERATION,TelegenceConnectionManager.getUrl,1.35
qay_slid_testing40_New,2015-07-08,'17:03:35.982,TCM,26,27,OPERATION,TelegenceConnectionManager.getTicket,1.35
qay_slid_testing40_New,2015-07-08,'17:03:35.984,TCM,26,27,OPERATION,TelegenceConnectionManager.getTicket,1.35
qay_slid_testing40_New,2015-07-08,'17:03:36.323,TCM,8,9,OPERATION,TelegenceConnectionManager.getUrl,1.35
qay_slid_testing40_New,2015-07-08,'17:03:36.325,TCM,8,9,OPERATION,TelegenceConnectionManager.getUrl,1.35
qay_slid_testing40_New,2015-07-08,'17:03:36.660,ServiceLocator,1070,1071,EXACT,ServiceLocator.getRemoteEJBReference,1.35
qay_slid_testing40_New,2015-07-08,'17:03:36.663,ServiceLocator,1073,1074,EXACT,ServiceLocator.getRemoteEJBReference,1.35
qay_slid_testing40_New,2015-07-08,'17:03:37.259,TLG_063115,8719,8720,EXACT,BanServicesBean_3sdvt9_EOImpl_1030_WLStub.loadAccount,1.35
qay_slid_testing40_New,2015-07-08,'17:03:37.263,TLG_063115,8105,8106,EXACT,AppQueryBean_tktr17_EOImpl_1030_WLStub.getBanInquireInfo,1.35
qay_slid_testing40_New,2015-07-08,'17:03:37.539,MRE_063115,1139,1140,EXACT,InitiateBulkUpgradeEligibilityRequest,1.35
qay_slid_testing40_New,2015-07-08,'17:03:56.429,LDAP_063115,1126,1127,EXACT,EdConnectionPool.getConnection,1.35
qay_slid_testing40_New,2015-07-08,'17:03:56.775,LDAP_063115,,,NO_MATCH,LDAPConnection.search,1.35
qay_slid_testing40_New,2015-07-08,'17:04:38.920,MRE_063115,768,769,EXACT,GetBulkUpgradeEligibilityRequest,1.35
qay_slid_testing40_New,2015-07-08,'17:04:39.065,BillDB,5,6,EXACT,BillingSummaryDAO.getInstance,1.35
qay_slid_testing40_New,2015-07-08,'17:04:39.067,GRID_063115,761,762,EXACT,WirelessDashboardProviderImpl.getWirelessDashboardResponse,1.35
qay_slid_testing40_New,2015-07-08,'17:04:39.076,ServiceLocator,1511,1512,EXACT,ServiceLocator.getRemoteEJBReference,1.35
qay_slid_testing40_New,2015-07-08,'17:04:39.206,ServiceLocator,1511,1512,EXACT,ServiceLocator.getRemoteEJBReference,1.35
qay_slid_testing40_New,2015-07-08,'17:04:39.404,BillDB,,,NO_MATCH,BillingSummaryDAO.getBillingSummary,1.35
qay_slid_testing40_New,2015-07-08,'17:04:39.436,PAMBIS_063115,1371,1372,EXACT,_PAM_Stub.retrieveCustomerPaymentView3,1.35
qay_slid_testing40_New,2015-07-08,'17:04:39.520,TCM,,,NO_MATCH,MobilityEnablerConnectionManager.getInstance,1.35
qay_slid_testing40_New,2015-07-08,'17:04:39.523,TCM,8,9,OPERATION,TelegenceConnectionManager.getUrl,1.35
qay_slid_testing40_New,2015-07-08,'17:04:39.525,TCM,8,9,OPERATION,TelegenceConnectionManager.getUrl,1.35
qay_slid_testing40_New,2015-07-08,'17:04:39.526,TCM,,,NO_MATCH,MobilityEnablerConnectionManager.getInstance,1.35
qay_slid_testing40_New,2015-07-08,'17:04:39.553,PAMBIS_063115,1371,1372,EXACT,_PAM_Stub.retrieveCustomerPaymentView3,1.35
qay_slid_testing40_New,2015-07-08,'17:04:39.890,TCM,38,27,OPERATION,MobilityEnablerConnectionManager.getTicket,1.35
qay_slid_testing40_New,2015-07-08,'17:04:39.892,TCM,26,27,OPERATION,TelegenceConnectionManager.getTicket,1.35
qay_slid_testing40_New,2015-07-08,'17:04:39.893,TCM,26,27,OPERATION,TelegenceConnectionManager.getTicket,1.35
qay_slid_testing40_New,2015-07-08,'17:04:39.895,TCM,38,27,OPERATION,MobilityEnablerConnectionManager.getTicket,1.35
qay_slid_testing40_New,2015-07-08,'17:04:40.228,ServiceLocator,1507,1498,EXACT,ServiceLocator.getRemoteEJBReference,1.35
qay_slid_testing40_New,2015-07-08,'17:04:40.230,TCM,8,9,OPERATION,TelegenceConnectionManager.getUrl,1.35
qay_slid_testing40_New,2015-07-08,'17:04:40.231,ServiceLocator,1507,1498,EXACT,ServiceLocator.getRemoteEJBReference,1.35
qay_slid_testing40_New,2015-07-08,'17:04:40.233,TCM,8,9,OPERATION,TelegenceConnectionManager.getUrl,1.35
qay_slid_testing40_New,2015-07-08,'17:04:40.566,ServiceLocator,1443,1444,EXACT,ServiceLocator.getRemoteEJBReference,1.35
qay_slid_testing40_New,2015-07-08,'17:04:40.568,ServiceLocator,1443,1444,EXACT,ServiceLocator.getRemoteEJBReference,1.35
qay_slid_testing40_New,2015-07-08,'17:04:40.570,ENABLER_063115,420,421,EXACT,CM9PerformanceIndicatorServicesBean_4qfjec_EOImpl_922_WLStub.getRatedPerformanceIndicators,1.35
qay_slid_testing40_New,2015-07-08,'17:04:40.572,ENABLER_063115,423,424,EXACT,CM9PerformanceIndicatorServicesBean_4qfjec_EOImpl_922_WLStub.getRatedPerformanceIndicators,1.35
qay_slid_testing40_New,2015-07-08,'17:04:40.909,TLG_063115,9667,9668,EXACT,SubscriberUsageConvBean_gwkhbn_EOImpl_1030_WLStub.getBanOutForBillingInd,1.35
qay_slid_testing40_New,2015-07-08,'17:04:40.910,TLG_063115,9667,9668,EXACT,SubscriberUsageConvBean_gwkhbn_EOImpl_1030_WLStub.getBanOutForBillingInd,1.35
qay_slid_testing40_New,2015-07-08,'17:04:44.632,MRE_063115,768,769,EXACT,GetBulkUpgradeEligibilityRequest,1.35
qay_slid_testing40_New,2015-07-08,'17:04:44.779,GRID_063115,761,762,EXACT,WirelessDashboardProviderImpl.getWirelessDashboardResponse,1.35
qay_slid_testing40_New,2015-07-08,'17:04:53.066,LDAP_063115,1703,1704,EXACT,LdapConnectionPool.getConnection,1.35
qay_slid_testing40_New,2015-07-08,'17:04:53.067,LDAP_063115,1703,1704,EXACT,LdapConnectionPool.getConnection,1.35
qay_slid_testing40_New,2015-07-08,'17:04:53.088,LDAP_063115,1703,1704,EXACT,LdapConnectionPool.getConnection,1.35
qay_slid_testing40_New,2015-07-08,'17:04:53.101,LDAP_063115,1703,1704,EXACT,LdapConnectionPool.getConnection,1.35
qay_slid_testing40_New,2015-07-08,'17:04:53.410,LDAP_063115,1792,1793,EXACT,LDAPConnection.search,1.35
qay_slid_testing40_New,2015-07-08,'17:04:53.423,LDAP_063115,1792,1793,EXACT,LDAPConnection.search,1.35
qay_slid_testing40_New,2015-07-08,'17:04:53.428,LDAP_063115,1792,1793,EXACT,LDAPConnection.search,1.35
qay_slid_testing40_New,2015-07-08,'17:04:53.441,LDAP_063115,1224,1225,EXACT,LDAPConnection.search,1.35
qay_slid_testing40_New,2015-07-08,'17:04:53.797,LDAP_063115,1703,1704,EXACT,LdapConnectionPool.getConnection,1.35
qay_slid_testing40_New,2015-07-08,'17:04:53.799,LDAP_063115,1703,1704,EXACT,LdapConnectionPool.getConnection,1.35
qay_slid_testing40_New,2015-07-08,'17:04:53.800,LDAP_063115,1703,1704,EXACT,LdapConnectionPool.getConnection,1.35
qay_slid_testing40_New,2015-07-08,'17:04:53.837,GRID_063115,761,762,EXACT,WirelessDashboardProviderImpl.getWirelessDashboardResponse,1.35
qay_slid_testing40_New,2015-07-08,'17:04:54.139,LDAP_063115,1224,1225,EXACT,LDAPConnection.search,1.35
qay_slid_testing40_New,2015-07-08,'17:04:54.143,LDAP_063115,1224,1225,EXACT,LDAPConnection.search,1.35
qay_slid_testing40_New,2015-07-08,'17:04:54.160,LDAP_063115,1224,1225,EXACT,LDAPConnection.search,1.35
qay_slid_testing40_New,2015-07-08,'17:04:54.277,BillDB,5,6,EXACT,BillingSummaryDAO.getInstance,1.35
qay_slid_testing40_New,2015-07-08,'17:04:54.520,TCM,8,9,OPERATION,TelegenceConnectionManager.getUrl,1.35
qay_slid_testing40_New,2015-07-08,'17:04:54.522,TCM,8,9,OPERATION,TelegenceConnectionManager.getUrl,1.35
qay_slid_testing40_New,2015-07-08,'17:04:54.524,TCM,8,9,OPERATION,TelegenceConnectionManager.getUrl,1.35
qay_slid_testing40_New,2015-07-08,'17:04:54.526,TCM,8,9,OPERATION,TelegenceConnectionManager.getUrl,1.35
qay_slid_testing40_New,2015-07-08,'17:04:54.537,TCM,8,9,OPERATION,TelegenceConnectionManager.getUrl,1.35
qay_slid_testing40_New,2015-07-08,'17:04:54.539,TCM,8,9,OPERATION,TelegenceConnectionManager.getUrl,1.35
qay_slid_testing40_New,2015-07-08,'17:04:54.540,TCM,8,9,OPERATION,TelegenceConnectionManager.getUrl,1.35
qay_slid_testing40_New,2015-07-08,'17:04:54.614,BillDB,499,500,SIGNATURE,BillingSummaryDAO.getMobileShareBillingSummaryfromDB,1.35
qay_slid_testing40_New,2015-07-08,'17:04:54.858,TCM,26,27,OPERATION,TelegenceConnectionManager.getTicket,1.35
qay_slid_testing40_New,2015-07-08,'17:04:54.861,TCM,26,27,OPERATION,TelegenceConnectionManager.getTicket,1.35
qay_slid_testing40_New,2015-07-08,'17:04:54.862,TCM,26,27,OPERATION,TelegenceConnectionManager.getTicket,1.35
qay_slid_testing40_New,2015-07-08,'17:04:54.865,TCM,26,27,OPERATION,TelegenceConnectionManager.getTicket,1.35
qay_slid_testing40_New,2015-07-08,'17:04:54.876,TCM,26,27,OPERATION,TelegenceConnectionManager.getTicket,1.35
qay_slid_testing40_New,2015-07-08,'17:04:54.878,TCM,26,27,OPERATION,TelegenceConnectionManager.getTicket,1.35
qay_slid_testing40_New,2015-07-08,'17:04:54.880,TCM,26,27,OPERATION,TelegenceConnectionManager.getTicket,1.35
qay_slid_testing40_New,2015-07-08,'17:04:54.918,CSI_063115,3743,1620,SIGNATURE,InquireSharePlanRecommendationRequest,1.35
qay_slid_testing40_New,2015-07-08,'17:04:55.197,TCM,8,9,OPERATION,TelegenceConnectionManager.getUrl,1.35
qay_slid_testing40_New,2015-07-08,'17:04:55.199,TCM,8,9,OPERATION,TelegenceConnectionManager.getUrl,1.35
qay_slid_testing40_New,2015-07-08,'17:04:55.201,TCM,8,9,OPERATION,TelegenceConnectionManager.getUrl,1.35
qay_slid_testing40_New,2015-07-08,'17:04:55.204,TCM,8,9,OPERATION,TelegenceConnectionManager.getUrl,1.35
qay_slid_testing40_New,2015-07-08,'17:04:55.216,TCM,8,9,OPERATION,TelegenceConnectionManager.getUrl,1.35
qay_slid_testing40_New,2015-07-08,'17:04:55.218,TCM,8,9,OPERATION,TelegenceConnectionManager.getUrl,1.35
qay_slid_testing40_New,2015-07-08,'17:04:55.221,TCM,8,9,OPERATION,TelegenceConnectionManager.getUrl,1.35
qay_slid_testing40_New,2015-07-08,'17:04:55.538,ServiceLocator,1070,1071,EXACT,ServiceLocator.getRemoteEJBReference,1.35
qay_slid_testing40_New,2015-07-08,'17:04:55.542,ServiceLocator,1449,1450,EXACT,ServiceLocator.getRemoteEJBReference,1.35
qay_slid_testing40_New,2015-07-08,'17:04:55.545,ServiceLocator,1070,1071,EXACT,ServiceLocator.getRemoteEJBReference,1.35
qay_slid_testing40_New,2015-07-08,'17:04:55.550,ServiceLocator,1449,1450,EXACT,ServiceLocator.getRemoteEJBReference,1.35
qay_slid_testing40_New,2015-07-08,'17:04:55.553,ServiceLocator,1070,1071,EXACT,ServiceLocator.getRemoteEJBReference,1.35
qay_slid_testing40_New,2015-07-08,'17:04:55.557,ServiceLocator,1449,1450,EXACT,ServiceLocator.getRemoteEJBReference,1.35
qay_slid_testing40_New,2015-07-08,'17:04:55.559,ServiceLocator,1449,1450,EXACT,ServiceLocator.getRemoteEJBReference,1.35
qay_slid_testing40_New,2015-07-08,'17:04:56.417,TLG_063115,15379,15380,EXACT,AppQueryBean_tktr17_EOImpl_1030_WLStub.getProductListInquireInfo,1.35
qay_slid_testing40_New,2015-07-08,'17:04:56.524,TCM,8,9,OPERATION,TelegenceConnectionManager.getUrl,1.35
qay_slid_testing40_New,2015-07-08,'17:04:56.526,TCM,8,9,OPERATION,TelegenceConnectionManager.getUrl,1.35
qay_slid_testing40_New,2015-07-08,'17:04:56.529,TCM,8,9,OPERATION,TelegenceConnectionManager.getUrl,1.35
qay_slid_testing40_New,2015-07-08,'17:04:56.537,TCM,8,9,OPERATION,TelegenceConnectionManager.getUrl,1.35
qay_slid_testing40_New,2015-07-08,'17:04:56.542,TCM,8,9,OPERATION,TelegenceConnectionManager.getUrl,1.35
qay_slid_testing40_New,2015-07-08,'17:04:56.576,TCM,8,9,OPERATION,TelegenceConnectionManager.getUrl,1.35
qay_slid_testing40_New,2015-07-08,'17:04:56.861,ServiceLocator,1067,1068,EXACT,ServiceLocator.getRemoteEJBReference,1.35
qay_slid_testing40_New,2015-07-08,'17:04:56.865,ServiceLocator,1067,1068,EXACT,ServiceLocator.getRemoteEJBReference,1.35
qay_slid_testing40_New,2015-07-08,'17:04:56.868,ServiceLocator,1067,1068,EXACT,ServiceLocator.getRemoteEJBReference,1.35
qay_slid_testing40_New,2015-07-08,'17:04:56.872,ServiceLocator,1067,1068,EXACT,ServiceLocator.getRemoteEJBReference,1.35
qay_slid_testing40_New,2015-07-08,'17:04:56.876,ServiceLocator,1067,1068,EXACT,ServiceLocator.getRemoteEJBReference,1.35
qay_slid_testing40_New,2015-07-08,'17:04:56.912,ServiceLocator,1067,1068,EXACT,ServiceLocator.getRemoteEJBReference,1.35
qay_slid_testing40_New,2015-07-08,'17:04:57.911,TLG_063115,13947,13948,EXACT,ProductAgreementBean_sd4w3n_EOImpl_1030_WLStub.getAgreementInfo,1.35
qay_slid_testing40_New,2015-07-08,'17:04:57.994,TLG_063115,14747,14748,EXACT,ProductAgreementBean_sd4w3n_EOImpl_1030_WLStub.getCurrentFeatures,1.35
qay_slid_testing40_New,2015-07-08,'17:04:58.076,TLG_063115,13947,13948,EXACT,ProductAgreementBean_sd4w3n_EOImpl_1030_WLStub.getAgreementInfo,1.35
qay_slid_testing40_New,2015-07-08,'17:04:58.080,TLG_063115,11094,11095,EXACT,AppQueryBean_tktr17_EOImpl_1030_WLStub.getProductInquireInfo,1.35
qay_slid_testing40_New,2015-07-08,'17:04:58.083,TLG_063115,14747,14748,EXACT,ProductAgreementBean_sd4w3n_EOImpl_1030_WLStub.getCurrentFeatures,1.35
qay_slid_testing40_New,2015-07-08,'17:04:58.087,TLG_063115,11094,11095,EXACT,AppQueryBean_tktr17_EOImpl_1030_WLStub.getProductInquireInfo,1.35
qay_slid_testing40_New,2015-07-08,'17:04:58.798,TCM,8,9,OPERATION,TelegenceConnectionManager.getUrl,1.35
qay_slid_testing40_New,2015-07-08,'17:04:58.931,TCM,8,9,OPERATION,TelegenceConnectionManager.getUrl,1.35
qay_slid_testing40_New,2015-07-08,'17:04:58.940,TCM,8,9,OPERATION,TelegenceConnectionManager.getUrl,1.35
qay_slid_testing40_New,2015-07-08,'17:04:58.942,TCM,8,9,OPERATION,TelegenceConnectionManager.getUrl,1.35
qay_slid_testing40_New,2015-07-08,'17:04:58.946,TCM,8,9,OPERATION,TelegenceConnectionManager.getUrl,1.35
qay_slid_testing40_New,2015-07-08,'17:04:59.005,TCM,8,9,OPERATION,TelegenceConnectionManager.getUrl,1.35
qay_slid_testing40_New,2015-07-08,'17:04:59.135,ServiceLocator,1067,1068,EXACT,ServiceLocator.getRemoteEJBReference,1.35
qay_slid_testing40_New,2015-07-08,'17:04:59.304,ServiceLocator,1067,1068,EXACT,ServiceLocator.getRemoteEJBReference,1.35
qay_slid_testing40_New,2015-07-08,'17:04:59.308,ServiceLocator,1067,1068,EXACT,ServiceLocator.getRemoteEJBReference,1.35
qay_slid_testing40_New,2015-07-08,'17:04:59.312,ServiceLocator,1067,1068,EXACT,ServiceLocator.getRemoteEJBReference,1.35
qay_slid_testing40_New,2015-07-08,'17:04:59.379,ServiceLocator,1067,1068,EXACT,ServiceLocator.getRemoteEJBReference,1.35
qay_slid_testing40_New,2015-07-08,'17:04:59.383,ServiceLocator,1067,1068,EXACT,ServiceLocator.getRemoteEJBReference,1.35
qay_slid_testing40_New,2015-07-08,'17:05:00.111,TLG_063115,11579,11580,EXACT,RefQueryBean_3xgipj_EOImpl_1030_WLStub.getLogicalDateByType,1.35
qay_slid_testing40_New,2015-07-08,'17:05:00.307,TLG_063115,11579,11580,EXACT,RefQueryBean_3xgipj_EOImpl_1030_WLStub.getLogicalDateByType,1.35
qay_slid_testing40_New,2015-07-08,'17:05:00.309,TLG_063115,11579,11580,EXACT,RefQueryBean_3xgipj_EOImpl_1030_WLStub.getLogicalDateByType,1.35
qay_slid_testing40_New,2015-07-08,'17:05:00.310,TLG_063115,11579,11580,EXACT,RefQueryBean_3xgipj_EOImpl_1030_WLStub.getLogicalDateByType,1.35
qay_slid_testing40_New,2015-07-08,'17:05:00.311,TLG_063115,11579,11580,EXACT,RefQueryBean_3xgipj_EOImpl_1030_WLStub.getLogicalDateByType,1.35
qay_slid_testing40_New,2015-07-08,'17:05:00.312,TLG_063115,11579,11580,EXACT,RefQueryBean_3xgipj_EOImpl_1030_WLStub.getLogicalDateByType,1.35
qay_slid_testing40_New,2015-07-08,'17:05:00.649,TLG_063115,13177,13178,EXACT,RefQueryBean_3xgipj_EOImpl_1030_WLStub.getEquDetailsBySerialNo,1.35
qay_slid_testing40_New,2015-07-08,'17:05:00.650,TLG_063115,13177,13178,EXACT,RefQueryBean_3xgipj_EOImpl_1030_WLStub.getEquDetailsBySerialNo,1.35
qay_slid_testing40_New,2015-07-08,'17:05:01.176,TCM,8,9,OPERATION,TelegenceConnectionManager.getUrl,1.35
qay_slid_testing40_New,2015-07-08,'17:05:01.178,TCM,8,9,OPERATION,TelegenceConnectionManager.getUrl,1.35
qay_slid_testing40_New,2015-07-08,'17:05:01.180,TCM,8,9,OPERATION,TelegenceConnectionManager.getUrl,1.35
qay_slid_testing40_New,2015-07-08,'17:05:01.182,TCM,8,9,OPERATION,TelegenceConnectionManager.getUrl,1.35
qay_slid_testing40_New,2015-07-08,'17:05:01.184,TCM,8,9,OPERATION,TelegenceConnectionManager.getUrl,1.35
qay_slid_testing40_New,2015-07-08,'17:05:01.185,TCM,8,9,OPERATION,TelegenceConnectionManager.getUrl,1.35
qay_slid_testing40_New,2015-07-08,'17:05:01.188,TCM,8,9,OPERATION,TelegenceConnectionManager.getUrl,1.35
qay_slid_testing40_New,2015-07-08,'17:05:01.203,TCM,8,9,OPERATION,TelegenceConnectionManager.getUrl,1.35
qay_slid_testing40_New,2015-07-08,'17:05:01.206,TCM,8,9,OPERATION,TelegenceConnectionManager.getUrl,1.35
qay_slid_testing40_New,2015-07-08,'17:05:01.515,TCM,26,27,OPERATION,TelegenceConnectionManager.getTicket,1.35
qay_slid_testing40_New,2015-07-08,'17:05:01.517,TCM,26,27,OPERATION,TelegenceConnectionManager.getTicket,1.35
qay_slid_testing40_New,2015-07-08,'17:05:01.519,TCM,26,27,OPERATION,TelegenceConnectionManager.getTicket,1.35
qay_slid_testing40_New,2015-07-08,'17:05:01.520,TCM,26,27,OPERATION,TelegenceConnectionManager.getTicket,1.35
qay_slid_testing40_New,2015-07-08,'17:05:01.522,TCM,26,27,OPERATION,TelegenceConnectionManager.getTicket,1.35
qay_slid_testing40_New,2015-07-08,'17:05:01.524,TCM,26,27,OPERATION,TelegenceConnectionManager.getTicket,1.35
qay_slid_testing40_New,2015-07-08,'17:05:01.526,TCM,26,27,OPERATION,TelegenceConnectionManager.getTicket,1.35
qay_slid_testing40_New,2015-07-08,'17:05:01.541,TCM,26,27,OPERATION,TelegenceConnectionManager.getTicket,1.35
qay_slid_testing40_New,2015-07-08,'17:05:01.544,TCM,26,27,OPERATION,TelegenceConnectionManager.getTicket,1.35
qay_slid_testing40_New,2015-07-08,'17:05:01.855,TCM,8,9,OPERATION,TelegenceConnectionManager.getUrl,1.35
qay_slid_testing40_New,2015-07-08,'17:05:01.858,TCM,8,9,OPERATION,TelegenceConnectionManager.getUrl,1.35
qay_slid_testing40_New,2015-07-08,'17:05:01.860,TCM,8,9,OPERATION,TelegenceConnectionManager.getUrl,1.35
qay_slid_testing40_New,2015-07-08,'17:05:01.863,TCM,8,9,OPERATION,TelegenceConnectionManager.getUrl,1.35
qay_slid_testing40_New,2015-07-08,'17:05:01.865,TCM,8,9,OPERATION,TelegenceConnectionManager.getUrl,1.35
qay_slid_testing40_New,2015-07-08,'17:05:01.867,TCM,8,9,OPERATION,TelegenceConnectionManager.getUrl,1.35
qay_slid_testing40_New,2015-07-08,'17:05:01.869,TCM,8,9,OPERATION,TelegenceConnectionManager.getUrl,1.35
qay_slid_testing40_New,2015-07-08,'17:05:01.880,TCM,8,9,OPERATION,TelegenceConnectionManager.getUrl,1.35
qay_slid_testing40_New,2015-07-08,'17:05:01.882,TCM,8,9,OPERATION,TelegenceConnectionManager.getUrl,1.35
qay_slid_testing40_New,2015-07-08,'17:05:02.192,ServiceLocator,1070,1071,EXACT,ServiceLocator.getRemoteEJBReference,1.35
qay_slid_testing40_New,2015-07-08,'17:05:02.197,ServiceLocator,1067,1068,EXACT,ServiceLocator.getRemoteEJBReference,1.35
qay_slid_testing40_New,2015-07-08,'17:05:02.201,ServiceLocator,1073,1074,EXACT,ServiceLocator.getRemoteEJBReference,1.35
qay_slid_testing40_New,2015-07-08,'17:05:02.206,ServiceLocator,1067,1068,EXACT,ServiceLocator.getRemoteEJBReference,1.35
qay_slid_testing40_New,2015-07-08,'17:05:02.210,ServiceLocator,1431,1432,EXACT,ServiceLocator.getRemoteEJBReference,1.35
qay_slid_testing40_New,2015-07-08,'17:05:02.213,ServiceLocator,1431,1432,EXACT,ServiceLocator.getRemoteEJBReference,1.35
qay_slid_testing40_New,2015-07-08,'17:05:02.217,ServiceLocator,1070,1071,EXACT,ServiceLocator.getRemoteEJBReference,1.35
qay_slid_testing40_New,2015-07-08,'17:05:02.220,ServiceLocator,1449,1450,EXACT,ServiceLocator.getRemoteEJBReference,1.35
qay_slid_testing40_New,2015-07-08,'17:05:02.223,ServiceLocator,1449,1450,EXACT,ServiceLocator.getRemoteEJBReference,1.35
qay_slid_testing40_New,2015-07-08,'17:05:03.493,TLG_063115,8105,8106,EXACT,AppQueryBean_tktr17_EOImpl_1030_WLStub.getBanInquireInfo,1.35
qay_slid_testing40_New,2015-07-08,'17:05:03.526,TLG_063115,11579,11580,EXACT,RefQueryBean_3xgipj_EOImpl_1030_WLStub.getLogicalDateByType,1.35
qay_slid_testing40_New,2015-07-08,'17:05:03.601,TCM,8,9,OPERATION,TelegenceConnectionManager.getUrl,1.35
qay_slid_testing40_New,2015-07-08,'17:05:03.602,TLG_063115,8719,8720,EXACT,BanServicesBean_3sdvt9_EOImpl_1030_WLStub.loadAccount,1.35
qay_slid_testing40_New,2015-07-08,'17:05:03.606,TLG_063115,,,NO_MATCH,GroupLevelServicesBean_46g1w3_EOImpl_1030_WLStub.getGroupServices,1.35
qay_slid_testing40_New,2015-07-08,'17:05:03.607,TLG_063115,15582,15583,EXACT,RefQueryBean_3xgipj_EOImpl_1030_WLStub.getLogicalDateList,1.35
qay_slid_testing40_New,2015-07-08,'17:05:03.608,TLG_063115,,,NO_MATCH,GroupLevelServicesBean_46g1w3_EOImpl_1030_WLStub.getGroupMembers,1.35
qay_slid_testing40_New,2015-07-08,'17:05:03.614,TCM,8,9,OPERATION,TelegenceConnectionManager.getUrl,1.35
qay_slid_testing40_New,2015-07-08,'17:05:03.678,TCM,8,9,OPERATION,TelegenceConnectionManager.getUrl,1.35
qay_slid_testing40_New,2015-07-08,'17:05:03.937,ServiceLocator,1067,1068,EXACT,ServiceLocator.getRemoteEJBReference,1.35
qay_slid_testing40_New,2015-07-08,'17:05:03.950,ServiceLocator,1067,1068,EXACT,ServiceLocator.getRemoteEJBReference,1.35
qay_slid_testing40_New,2015-07-08,'17:05:04.017,ServiceLocator,1067,1068,EXACT,ServiceLocator.getRemoteEJBReference,1.35
qay_slid_testing40_New,2015-07-08,'17:05:04.546,TLG_063115,14750,14751,EXACT,ProductAgreementBean_sd4w3n_EOImpl_1030_WLStub.getCurrentFeatures,1.35
qay_slid_testing40_New,2015-07-08,'17:05:04.620,TLG_063115,11097,11098,EXACT,AppQueryBean_tktr17_EOImpl_1030_WLStub.getProductInquireInfo,1.35
qay_slid_testing40_New,2015-07-08,'17:05:04.624,TLG_063115,13950,13951,EXACT,ProductAgreementBean_sd4w3n_EOImpl_1030_WLStub.getAgreementInfo,1.35
qay_slid_testing40_New,2015-07-08,'17:05:05.098,TCM,8,9,OPERATION,TelegenceConnectionManager.getUrl,1.35
qay_slid_testing40_New,2015-07-08,'17:05:05.169,TCM,8,9,OPERATION,TelegenceConnectionManager.getUrl,1.35
qay_slid_testing40_New,2015-07-08,'17:05:05.171,TCM,8,9,OPERATION,TelegenceConnectionManager.getUrl,1.35
qay_slid_testing40_New,2015-07-08,'17:05:05.435,ServiceLocator,1067,1068,EXACT,ServiceLocator.getRemoteEJBReference,1.35
qay_slid_testing40_New,2015-07-08,'17:05:05.506,ServiceLocator,1067,1068,EXACT,ServiceLocator.getRemoteEJBReference,1.35
qay_slid_testing40_New,2015-07-08,'17:05:05.509,ServiceLocator,1067,1068,EXACT,ServiceLocator.getRemoteEJBReference,1.35
qay_slid_testing40_New,2015-07-08,'17:05:06.125,TLG_063115,11579,11580,EXACT,RefQueryBean_3xgipj_EOImpl_1030_WLStub.getLogicalDateByType,1.35
qay_slid_testing40_New,2015-07-08,'17:05:06.198,TLG_063115,11579,11580,EXACT,RefQueryBean_3xgipj_EOImpl_1030_WLStub.getLogicalDateByType,1.35
qay_slid_testing40_New,2015-07-08,'17:05:06.199,TLG_063115,11579,11580,EXACT,RefQueryBean_3xgipj_EOImpl_1030_WLStub.getLogicalDateByType,1.35
qay_slid_testing40_New,2015-07-08,'17:05:06.538,TLG_063115,13177,13178,EXACT,RefQueryBean_3xgipj_EOImpl_1030_WLStub.getEquDetailsBySerialNo,1.35
